image_id,split,class_label,name_cat
6736,test,1,pink primrose
6740,test,1,pink primrose
6760,test,1,pink primrose
6761,test,1,pink primrose
5094,test,2,hard-leaved pocket orchid
5100,test,2,hard-leaved pocket orchid
5104,test,2,hard-leaved pocket orchid
5117,test,2,hard-leaved pocket orchid
5130,test,2,hard-leaved pocket orchid
5134,test,2,hard-leaved pocket orchid
6616,test,3,canterbury bells
6625,test,3,canterbury bells
6648,test,3,canterbury bells
6650,test,3,canterbury bells
5629,test,4,sweet pea
5639,test,4,sweet pea
5648,test,4,sweet pea
5653,test,4,sweet pea
5656,test,4,sweet pea
5683,test,4,sweet pea
5150,test,5,english marigold
5152,test,5,english marigold
5157,test,5,english marigold
5184,test,5,english marigold
5201,test,5,english marigold
5202,test,5,english marigold
5206,test,5,english marigold
7172,test,6,tiger lily
7177,test,6,tiger lily
7181,test,6,tiger lily
7185,test,6,tiger lily
7197,test,6,tiger lily
7227,test,7,moon orchid
7233,test,7,moon orchid
8099,test,7,moon orchid
8104,test,7,moon orchid
3285,test,8,bird of paradise
3292,test,8,bird of paradise
3306,test,8,bird of paradise
3307,test,8,bird of paradise
3310,test,8,bird of paradise
3331,test,8,bird of paradise
3337,test,8,bird of paradise
3341,test,8,bird of paradise
6406,test,9,monkshood
6410,test,9,monkshood
6416,test,9,monkshood
6423,test,9,monkshood
7086,test,10,globe thistle
7088,test,10,globe thistle
7097,test,10,globe thistle
7120,test,10,globe thistle
8094,test,10,globe thistle
3106,test,11,snapdragon
3117,test,11,snapdragon
3118,test,11,snapdragon
3124,test,11,snapdragon
3158,test,11,snapdragon
3174,test,11,snapdragon
3176,test,11,snapdragon
3181,test,11,snapdragon
3994,test,12,colt's foot
4006,test,12,colt's foot
4038,test,12,colt's foot
4051,test,12,colt's foot
4054,test,12,colt's foot
4060,test,12,colt's foot
4065,test,12,colt's foot
4075,test,12,colt's foot
4078,test,12,colt's foot
5744,test,13,king protea
5754,test,13,king protea
5764,test,13,king protea
5768,test,13,king protea
5775,test,13,king protea
6049,test,14,spear thistle
6063,test,14,spear thistle
6065,test,14,spear thistle
6071,test,14,spear thistle
6078,test,14,spear thistle
6349,test,15,yellow iris
6361,test,15,yellow iris
6376,test,15,yellow iris
6392,test,15,yellow iris
6393,test,15,yellow iris
6652,test,16,globe-flower
6666,test,16,globe-flower
6677,test,16,globe-flower
6686,test,16,globe-flower
3833,test,17,purple coneflower
3837,test,17,purple coneflower
3845,test,17,purple coneflower
3861,test,17,purple coneflower
3867,test,17,purple coneflower
3868,test,17,purple coneflower
3879,test,17,purple coneflower
3911,test,17,purple coneflower
4249,test,18,peruvian lily
4253,test,18,peruvian lily
4254,test,18,peruvian lily
4256,test,18,peruvian lily
4276,test,18,peruvian lily
4287,test,18,peruvian lily
4314,test,18,peruvian lily
4319,test,18,peruvian lily
6156,test,19,balloon flower
6175,test,19,balloon flower
6177,test,19,balloon flower
6181,test,19,balloon flower
6187,test,19,balloon flower
4902,test,20,giant white arum lily
4906,test,20,giant white arum lily
4919,test,20,giant white arum lily
4934,test,20,giant white arum lily
4936,test,20,giant white arum lily
6775,test,21,fire lily
6784,test,21,fire lily
6791,test,21,fire lily
6800,test,21,fire lily
5358,test,22,pincushion flower
5362,test,22,pincushion flower
5368,test,22,pincushion flower
5384,test,22,pincushion flower
5388,test,22,pincushion flower
5392,test,22,pincushion flower
3370,test,23,fritillary
3375,test,23,fritillary
3391,test,23,fritillary
3404,test,23,fritillary
3415,test,23,fritillary
3428,test,23,fritillary
3449,test,23,fritillary
3453,test,23,fritillary
3454,test,23,fritillary
6814,test,24,red ginger
6842,test,24,red ginger
6848,test,24,red ginger
8048,test,24,red ginger
6600,test,25,grape hyacinth
6605,test,25,grape hyacinth
6607,test,25,grape hyacinth
6609,test,25,grape hyacinth
6495,test,26,corn poppy
6501,test,26,corn poppy
6509,test,26,corn poppy
6515,test,26,corn poppy
6851,test,27,prince of wales feathers
6862,test,27,prince of wales feathers
6879,test,27,prince of wales feathers
6884,test,27,prince of wales feathers
5215,test,28,stemless gentian
5223,test,28,stemless gentian
5235,test,28,stemless gentian
5248,test,28,stemless gentian
5260,test,28,stemless gentian
5269,test,28,stemless gentian
5271,test,28,stemless gentian
4085,test,29,artichoke
4091,test,29,artichoke
4105,test,29,artichoke
4117,test,29,artichoke
4120,test,29,artichoke
4128,test,29,artichoke
4139,test,29,artichoke
4151,test,29,artichoke
3481,test,30,sweet william
3487,test,30,sweet william
3496,test,30,sweet william
3509,test,30,sweet william
3519,test,30,sweet william
3524,test,30,sweet william
3527,test,30,sweet william
3538,test,30,sweet william
3539,test,30,sweet william
6897,test,31,carnation
6916,test,31,carnation
6918,test,31,carnation
8071,test,31,carnation
8074,test,31,carnation
5598,test,32,garden phlox
5605,test,32,garden phlox
5611,test,32,garden phlox
5616,test,32,garden phlox
6446,test,33,love in the mist
6456,test,33,love in the mist
6462,test,33,love in the mist
6466,test,33,love in the mist
6932,test,34,mexican aster
6949,test,34,mexican aster
6952,test,34,mexican aster
6965,test,34,mexican aster
6973,test,35,alpine sea holly
6982,test,35,alpine sea holly
6993,test,35,alpine sea holly
8086,test,35,alpine sea holly
8088,test,35,alpine sea holly
4331,test,36,ruby-lipped cattleya
4345,test,36,ruby-lipped cattleya
4362,test,36,ruby-lipped cattleya
4369,test,36,ruby-lipped cattleya
4375,test,36,ruby-lipped cattleya
4381,test,36,ruby-lipped cattleya
4386,test,36,ruby-lipped cattleya
3746,test,37,cape flower
3764,test,37,cape flower
3786,test,37,cape flower
3797,test,37,cape flower
3799,test,37,cape flower
3802,test,37,cape flower
3803,test,37,cape flower
3806,test,37,cape flower
3825,test,37,cape flower
7287,test,37,cape flower
7296,test,37,cape flower
5799,test,38,great masterwort
5802,test,38,great masterwort
5823,test,38,great masterwort
5840,test,38,great masterwort
5841,test,38,great masterwort
7021,test,39,siam tulip
7023,test,39,siam tulip
7028,test,39,siam tulip
7041,test,39,siam tulip
4559,test,40,lenten rose
4563,test,40,lenten rose
4565,test,40,lenten rose
4590,test,40,lenten rose
4596,test,40,lenten rose
4598,test,40,lenten rose
2211,test,41,barbeton daisy
2220,test,41,barbeton daisy
2224,test,41,barbeton daisy
2253,test,41,barbeton daisy
2258,test,41,barbeton daisy
2261,test,41,barbeton daisy
2264,test,41,barbeton daisy
2272,test,41,barbeton daisy
2273,test,41,barbeton daisy
2279,test,41,barbeton daisy
2286,test,41,barbeton daisy
2291,test,41,barbeton daisy
2293,test,41,barbeton daisy
5688,test,42,daffodil
5691,test,42,daffodil
5701,test,42,daffodil
5717,test,42,daffodil
5721,test,42,daffodil
5735,test,42,daffodil
2325,test,43,sword lily
2332,test,43,sword lily
2336,test,43,sword lily
2344,test,43,sword lily
2363,test,43,sword lily
2375,test,43,sword lily
2412,test,43,sword lily
2414,test,43,sword lily
2419,test,43,sword lily
2420,test,43,sword lily
2427,test,43,sword lily
2428,test,43,sword lily
2436,test,43,sword lily
1497,test,44,poinsettia
1502,test,44,poinsettia
1503,test,44,poinsettia
1508,test,44,poinsettia
1511,test,44,poinsettia
1519,test,44,poinsettia
1522,test,44,poinsettia
1536,test,44,poinsettia
1576,test,44,poinsettia
1577,test,44,poinsettia
7132,test,45,bolero deep blue
7148,test,45,bolero deep blue
7157,test,45,bolero deep blue
7159,test,45,bolero deep blue
949,test,46,wallflower
950,test,46,wallflower
991,test,46,wallflower
993,test,46,wallflower
1007,test,46,wallflower
1015,test,46,wallflower
1036,test,46,wallflower
1040,test,46,wallflower
1046,test,46,wallflower
1049,test,46,wallflower
1064,test,46,wallflower
1070,test,46,wallflower
1084,test,46,wallflower
1089,test,46,wallflower
1090,test,46,wallflower
1094,test,46,wallflower
1107,test,46,wallflower
1119,test,46,wallflower
1129,test,46,wallflower
4954,test,47,marigold
4960,test,47,marigold
4977,test,47,marigold
4978,test,47,marigold
4980,test,47,marigold
4994,test,47,marigold
5001,test,47,marigold
4635,test,48,buttercup
4637,test,48,buttercup
4640,test,48,buttercup
4652,test,48,buttercup
4658,test,48,buttercup
4670,test,48,buttercup
4687,test,48,buttercup
6201,test,49,oxeye daisy
6205,test,49,oxeye daisy
6206,test,49,oxeye daisy
6220,test,49,oxeye daisy
6222,test,49,oxeye daisy
6310,test,50,common dandelion
6315,test,50,common dandelion
6324,test,50,common dandelion
6332,test,50,common dandelion
6341,test,50,common dandelion
6343,test,50,common dandelion
6541,test,50,common dandelion
6556,test,50,common dandelion
6562,test,50,common dandelion
1348,test,51,petunia
1356,test,51,petunia
1359,test,51,petunia
1367,test,51,petunia
1369,test,51,petunia
1374,test,51,petunia
1397,test,51,petunia
1398,test,51,petunia
1400,test,51,petunia
1410,test,51,petunia
1412,test,51,petunia
1420,test,51,petunia
1422,test,51,petunia
1426,test,51,petunia
1437,test,51,petunia
1454,test,51,petunia
1461,test,51,petunia
1466,test,51,petunia
1479,test,51,petunia
3920,test,51,petunia
3946,test,51,petunia
3949,test,51,petunia
3953,test,51,petunia
3975,test,51,petunia
3976,test,51,petunia
3992,test,51,petunia
4159,test,52,wild pansy
4169,test,52,wild pansy
4171,test,52,wild pansy
4177,test,52,wild pansy
4195,test,52,wild pansy
4202,test,52,wild pansy
4226,test,52,wild pansy
4235,test,52,wild pansy
4239,test,52,wild pansy
3650,test,53,primula
3661,test,53,primula
3671,test,53,primula
3675,test,53,primula
3681,test,53,primula
3683,test,53,primula
3687,test,53,primula
3694,test,53,primula
3706,test,53,primula
3730,test,53,primula
5411,test,54,sunflower
5417,test,54,sunflower
5419,test,54,sunflower
5423,test,54,sunflower
5437,test,54,sunflower
5450,test,54,sunflower
4704,test,55,pelargonium
4706,test,55,pelargonium
4710,test,55,pelargonium
4722,test,55,pelargonium
4724,test,55,pelargonium
4729,test,55,pelargonium
4731,test,55,pelargonium
2755,test,56,bishop of llandaff
2759,test,56,bishop of llandaff
2760,test,56,bishop of llandaff
2761,test,56,bishop of llandaff
2786,test,56,bishop of llandaff
2788,test,56,bishop of llandaff
2797,test,56,bishop of llandaff
2825,test,56,bishop of llandaff
2839,test,56,bishop of llandaff
2852,test,56,bishop of llandaff
2860,test,56,bishop of llandaff
7253,test,57,gaura
7259,test,57,gaura
7262,test,57,gaura
8127,test,57,gaura
8138,test,57,gaura
8139,test,57,gaura
8147,test,57,gaura
2644,test,58,geranium
2646,test,58,geranium
2682,test,58,geranium
2684,test,58,geranium
2700,test,58,geranium
2707,test,58,geranium
2712,test,58,geranium
2716,test,58,geranium
2720,test,58,geranium
2724,test,58,geranium
2733,test,58,geranium
5030,test,59,orange dahlia
5042,test,59,orange dahlia
5045,test,59,orange dahlia
5060,test,59,orange dahlia
5064,test,59,orange dahlia
5084,test,59,orange dahlia
2923,test,60,pink-yellow dahlia
2942,test,60,pink-yellow dahlia
2943,test,60,pink-yellow dahlia
2953,test,60,pink-yellow dahlia
2959,test,60,pink-yellow dahlia
2960,test,60,pink-yellow dahlia
2973,test,60,pink-yellow dahlia
2976,test,60,pink-yellow dahlia
2979,test,60,pink-yellow dahlia
2988,test,60,pink-yellow dahlia
3014,test,60,pink-yellow dahlia
6260,test,61,cautleya spicata
6265,test,61,cautleya spicata
6278,test,61,cautleya spicata
6281,test,61,cautleya spicata
6286,test,61,cautleya spicata
7275,test,62,japanese anemone
7278,test,62,japanese anemone
8152,test,62,japanese anemone
8184,test,62,japanese anemone
8189,test,62,japanese anemone
5851,test,63,black-eyed susan
5855,test,63,black-eyed susan
5868,test,63,black-eyed susan
5873,test,63,black-eyed susan
5889,test,63,black-eyed susan
6117,test,64,silverbush
6118,test,64,silverbush
6121,test,64,silverbush
6124,test,64,silverbush
6147,test,64,silverbush
3215,test,65,californian poppy
3221,test,65,californian poppy
3228,test,65,californian poppy
3239,test,65,californian poppy
3244,test,65,californian poppy
3250,test,65,californian poppy
3256,test,65,californian poppy
3272,test,65,californian poppy
3277,test,65,californian poppy
3278,test,65,californian poppy
5554,test,66,osteospermum
5558,test,66,osteospermum
5568,test,66,osteospermum
5571,test,66,osteospermum
5577,test,66,osteospermum
5581,test,66,osteospermum
7056,test,67,spring crocus
7064,test,67,spring crocus
7073,test,67,spring crocus
7079,test,67,spring crocus
5903,test,68,bearded iris
5919,test,68,bearded iris
5927,test,68,bearded iris
5941,test,68,bearded iris
5951,test,68,bearded iris
5956,test,68,bearded iris
5958,test,69,windflower
5974,test,69,windflower
5984,test,69,windflower
5992,test,69,windflower
6001,test,69,windflower
6006,test,69,windflower
5294,test,70,tree poppy
5298,test,70,tree poppy
5305,test,70,tree poppy
5308,test,70,tree poppy
5313,test,70,tree poppy
5335,test,70,tree poppy
4501,test,71,gazania
4508,test,71,gazania
4515,test,71,gazania
4517,test,71,gazania
4526,test,71,gazania
4530,test,71,gazania
4540,test,71,gazania
4556,test,71,gazania
3549,test,72,azalea
3555,test,72,azalea
3563,test,72,azalea
3572,test,72,azalea
3595,test,72,azalea
3599,test,72,azalea
3607,test,72,azalea
3610,test,72,azalea
3627,test,72,azalea
3639,test,72,azalea
259,test,73,water lily
262,test,73,water lily
285,test,73,water lily
296,test,73,water lily
308,test,73,water lily
322,test,73,water lily
339,test,73,water lily
359,test,73,water lily
361,test,73,water lily
370,test,73,water lily
375,test,73,water lily
398,test,73,water lily
406,test,73,water lily
408,test,73,water lily
414,test,73,water lily
425,test,73,water lily
430,test,73,water lily
431,test,73,water lily
432,test,73,water lily
1144,test,74,rose
1159,test,74,rose
1165,test,74,rose
1172,test,74,rose
1197,test,74,rose
1214,test,74,rose
1224,test,74,rose
1245,test,74,rose
1250,test,74,rose
1251,test,74,rose
1254,test,74,rose
1271,test,74,rose
1285,test,74,rose
1290,test,74,rose
1292,test,74,rose
1300,test,74,rose
1306,test,74,rose
2071,test,75,thorn apple
2073,test,75,thorn apple
2098,test,75,thorn apple
2106,test,75,thorn apple
2115,test,75,thorn apple
2138,test,75,thorn apple
2147,test,75,thorn apple
2153,test,75,thorn apple
2154,test,75,thorn apple
2155,test,75,thorn apple
2157,test,75,thorn apple
2159,test,75,thorn apple
2449,test,76,morning glory
2450,test,76,morning glory
2452,test,76,morning glory
2460,test,76,morning glory
2464,test,76,morning glory
2471,test,76,morning glory
2479,test,76,morning glory
2480,test,76,morning glory
2508,test,76,morning glory
2515,test,76,morning glory
2535,test,76,morning glory
3,test,77,passion flower
14,test,77,passion flower
18,test,77,passion flower
23,test,77,passion flower
25,test,77,passion flower
30,test,77,passion flower
35,test,77,passion flower
69,test,77,passion flower
76,test,77,passion flower
78,test,77,passion flower
83,test,77,passion flower
112,test,77,passion flower
116,test,77,passion flower
119,test,77,passion flower
125,test,77,passion flower
137,test,77,passion flower
156,test,77,passion flower
193,test,77,passion flower
198,test,77,passion flower
205,test,77,passion flower
212,test,77,passion flower
215,test,77,passion flower
218,test,77,passion flower
221,test,77,passion flower
248,test,77,passion flower
1836,test,78,lotus
1846,test,78,lotus
1862,test,78,lotus
1865,test,78,lotus
1867,test,78,lotus
1874,test,78,lotus
1883,test,78,lotus
1886,test,78,lotus
1892,test,78,lotus
1899,test,78,lotus
1916,test,78,lotus
1947,test,78,lotus
1959,test,78,lotus
1963,test,78,lotus
6700,test,79,toad lily
6721,test,79,toad lily
6725,test,79,toad lily
6731,test,79,toad lily
1972,test,80,anthurium
1974,test,80,anthurium
1983,test,80,anthurium
1990,test,80,anthurium
2001,test,80,anthurium
2005,test,80,anthurium
2006,test,80,anthurium
2040,test,80,anthurium
2046,test,80,anthurium
2053,test,80,anthurium
781,test,81,frangipani
788,test,81,frangipani
792,test,81,frangipani
810,test,81,frangipani
811,test,81,frangipani
815,test,81,frangipani
819,test,81,frangipani
823,test,81,frangipani
846,test,81,frangipani
879,test,81,frangipani
901,test,81,frangipani
912,test,81,frangipani
922,test,81,frangipani
932,test,81,frangipani
943,test,81,frangipani
945,test,81,frangipani
946,test,81,frangipani
1595,test,82,clematis
1596,test,82,clematis
1601,test,82,clematis
1606,test,82,clematis
1619,test,82,clematis
1626,test,82,clematis
1633,test,82,clematis
1639,test,82,clematis
1643,test,82,clematis
1663,test,82,clematis
1680,test,82,clematis
1693,test,82,clematis
1725,test,83,hibiscus
1735,test,83,hibiscus
1739,test,83,hibiscus
1740,test,83,hibiscus
1752,test,83,hibiscus
1772,test,83,hibiscus
1774,test,83,hibiscus
1777,test,83,hibiscus
1783,test,83,hibiscus
1798,test,83,hibiscus
1810,test,83,hibiscus
1821,test,83,hibiscus
1824,test,83,hibiscus
2560,test,84,columbine
2561,test,84,columbine
2564,test,84,columbine
2565,test,84,columbine
2588,test,84,columbine
2594,test,84,columbine
2613,test,84,columbine
2638,test,84,columbine
4773,test,85,desert-rose
4776,test,85,desert-rose
4779,test,85,desert-rose
4789,test,85,desert-rose
4790,test,85,desert-rose
4800,test,85,desert-rose
4802,test,85,desert-rose
2878,test,86,tree mallow
2893,test,86,tree mallow
2897,test,86,tree mallow
2898,test,86,tree mallow
2908,test,86,tree mallow
2915,test,86,tree mallow
5473,test,87,magnolia
5475,test,87,magnolia
5479,test,87,magnolia
5484,test,87,magnolia
5494,test,87,magnolia
5512,test,87,magnolia
452,test,88,cyclamen
463,test,88,cyclamen
475,test,88,cyclamen
485,test,88,cyclamen
494,test,88,cyclamen
497,test,88,cyclamen
507,test,88,cyclamen
512,test,88,cyclamen
515,test,88,cyclamen
516,test,88,cyclamen
532,test,88,cyclamen
543,test,88,cyclamen
551,test,88,cyclamen
590,test,88,cyclamen
593,test,88,cyclamen
597,test,88,cyclamen
598,test,89,watercress
600,test,89,watercress
603,test,89,watercress
611,test,89,watercress
629,test,89,watercress
631,test,89,watercress
632,test,89,watercress
640,test,89,watercress
648,test,89,watercress
655,test,89,watercress
664,test,89,watercress
671,test,89,watercress
684,test,89,watercress
702,test,89,watercress
754,test,89,watercress
766,test,89,watercress
767,test,89,watercress
770,test,89,watercress
779,test,89,watercress
4403,test,90,canna lily
4412,test,90,canna lily
4420,test,90,canna lily
4423,test,90,canna lily
4440,test,90,canna lily
4446,test,90,canna lily
4448,test,90,canna lily
4466,test,90,canna lily
4832,test,91,hippeastrum
4834,test,91,hippeastrum
4836,test,91,hippeastrum
4847,test,91,hippeastrum
4885,test,91,hippeastrum
4891,test,91,hippeastrum
4893,test,91,hippeastrum
3039,test,92,bee balm
3051,test,92,bee balm
3053,test,92,bee balm
3054,test,92,bee balm
3062,test,92,bee balm
3068,test,92,bee balm
3070,test,92,bee balm
6012,test,93,ball moss
6021,test,93,ball moss
6028,test,93,ball moss
6047,test,93,ball moss
7312,test,94,foxglove
7345,test,94,foxglove
7356,test,94,foxglove
7372,test,94,foxglove
7378,test,94,foxglove
7380,test,94,foxglove
7381,test,94,foxglove
7383,test,94,foxglove
7400,test,94,foxglove
7404,test,94,foxglove
7409,test,94,foxglove
7413,test,94,foxglove
7415,test,94,foxglove
7447,test,94,foxglove
7454,test,94,foxglove
7460,test,94,foxglove
7506,test,95,bougainvillea
7525,test,95,bougainvillea
7531,test,95,bougainvillea
7533,test,95,bougainvillea
7534,test,95,bougainvillea
7542,test,95,bougainvillea
7557,test,95,bougainvillea
7561,test,95,bougainvillea
7568,test,95,bougainvillea
7579,test,95,bougainvillea
7581,test,95,bougainvillea
7582,test,95,bougainvillea
7591,test,95,bougainvillea
7607,test,96,camellia
7611,test,96,camellia
7622,test,96,camellia
7623,test,96,camellia
7644,test,96,camellia
7650,test,96,camellia
7661,test,96,camellia
7666,test,96,camellia
7684,test,96,camellia
7690,test,97,mallow
7715,test,97,mallow
7723,test,97,mallow
7735,test,97,mallow
7744,test,97,mallow
7745,test,97,mallow
7752,test,98,mexican petunia
7763,test,98,mexican petunia
7777,test,98,mexican petunia
7786,test,98,mexican petunia
7816,test,98,mexican petunia
7817,test,98,mexican petunia
7824,test,98,mexican petunia
7828,test,98,mexican petunia
7842,test,99,bromelia
7850,test,99,bromelia
7863,test,99,bromelia
7869,test,99,bromelia
7871,test,99,bromelia
7874,test,99,bromelia
7885,test,99,bromelia
7903,test,100,blanket flower
7913,test,100,blanket flower
7919,test,100,blanket flower
7923,test,100,blanket flower
7930,test,100,blanket flower
7956,test,101,trumpet creeper
7957,test,101,trumpet creeper
7967,test,101,trumpet creeper
7979,test,101,trumpet creeper
7986,test,101,trumpet creeper
7987,test,101,trumpet creeper
8008,test,102,blackberry lily
8012,test,102,blackberry lily
8023,test,102,blackberry lily
8030,test,102,blackberry lily
8047,test,102,blackberry lily
6734,train,1,pink primrose
6735,train,1,pink primrose
6737,train,1,pink primrose
6738,train,1,pink primrose
6739,train,1,pink primrose
6741,train,1,pink primrose
6743,train,1,pink primrose
6744,train,1,pink primrose
6745,train,1,pink primrose
6746,train,1,pink primrose
6747,train,1,pink primrose
6750,train,1,pink primrose
6751,train,1,pink primrose
6752,train,1,pink primrose
6753,train,1,pink primrose
6755,train,1,pink primrose
6756,train,1,pink primrose
6757,train,1,pink primrose
6758,train,1,pink primrose
6759,train,1,pink primrose
6762,train,1,pink primrose
6763,train,1,pink primrose
6764,train,1,pink primrose
6765,train,1,pink primrose
6766,train,1,pink primrose
6767,train,1,pink primrose
6768,train,1,pink primrose
6769,train,1,pink primrose
6770,train,1,pink primrose
6771,train,1,pink primrose
6772,train,1,pink primrose
6773,train,1,pink primrose
5087,train,2,hard-leaved pocket orchid
5088,train,2,hard-leaved pocket orchid
5089,train,2,hard-leaved pocket orchid
5090,train,2,hard-leaved pocket orchid
5091,train,2,hard-leaved pocket orchid
5092,train,2,hard-leaved pocket orchid
5093,train,2,hard-leaved pocket orchid
5095,train,2,hard-leaved pocket orchid
5097,train,2,hard-leaved pocket orchid
5098,train,2,hard-leaved pocket orchid
5099,train,2,hard-leaved pocket orchid
5102,train,2,hard-leaved pocket orchid
5103,train,2,hard-leaved pocket orchid
5105,train,2,hard-leaved pocket orchid
5106,train,2,hard-leaved pocket orchid
5107,train,2,hard-leaved pocket orchid
5108,train,2,hard-leaved pocket orchid
5109,train,2,hard-leaved pocket orchid
5110,train,2,hard-leaved pocket orchid
5111,train,2,hard-leaved pocket orchid
5113,train,2,hard-leaved pocket orchid
5114,train,2,hard-leaved pocket orchid
5115,train,2,hard-leaved pocket orchid
5116,train,2,hard-leaved pocket orchid
5118,train,2,hard-leaved pocket orchid
5119,train,2,hard-leaved pocket orchid
5121,train,2,hard-leaved pocket orchid
5123,train,2,hard-leaved pocket orchid
5124,train,2,hard-leaved pocket orchid
5125,train,2,hard-leaved pocket orchid
5126,train,2,hard-leaved pocket orchid
5127,train,2,hard-leaved pocket orchid
5128,train,2,hard-leaved pocket orchid
5129,train,2,hard-leaved pocket orchid
5131,train,2,hard-leaved pocket orchid
5132,train,2,hard-leaved pocket orchid
5133,train,2,hard-leaved pocket orchid
5135,train,2,hard-leaved pocket orchid
5136,train,2,hard-leaved pocket orchid
5137,train,2,hard-leaved pocket orchid
5138,train,2,hard-leaved pocket orchid
5139,train,2,hard-leaved pocket orchid
5141,train,2,hard-leaved pocket orchid
5142,train,2,hard-leaved pocket orchid
5143,train,2,hard-leaved pocket orchid
5144,train,2,hard-leaved pocket orchid
5145,train,2,hard-leaved pocket orchid
5146,train,2,hard-leaved pocket orchid
6613,train,3,canterbury bells
6615,train,3,canterbury bells
6617,train,3,canterbury bells
6618,train,3,canterbury bells
6619,train,3,canterbury bells
6620,train,3,canterbury bells
6621,train,3,canterbury bells
6622,train,3,canterbury bells
6623,train,3,canterbury bells
6624,train,3,canterbury bells
6626,train,3,canterbury bells
6627,train,3,canterbury bells
6628,train,3,canterbury bells
6629,train,3,canterbury bells
6630,train,3,canterbury bells
6631,train,3,canterbury bells
6632,train,3,canterbury bells
6633,train,3,canterbury bells
6634,train,3,canterbury bells
6635,train,3,canterbury bells
6636,train,3,canterbury bells
6639,train,3,canterbury bells
6640,train,3,canterbury bells
6641,train,3,canterbury bells
6642,train,3,canterbury bells
6643,train,3,canterbury bells
6644,train,3,canterbury bells
6645,train,3,canterbury bells
6646,train,3,canterbury bells
6647,train,3,canterbury bells
6649,train,3,canterbury bells
6651,train,3,canterbury bells
5630,train,4,sweet pea
5631,train,4,sweet pea
5632,train,4,sweet pea
5633,train,4,sweet pea
5634,train,4,sweet pea
5635,train,4,sweet pea
5636,train,4,sweet pea
5637,train,4,sweet pea
5638,train,4,sweet pea
5640,train,4,sweet pea
5641,train,4,sweet pea
5642,train,4,sweet pea
5643,train,4,sweet pea
5644,train,4,sweet pea
5645,train,4,sweet pea
5646,train,4,sweet pea
5647,train,4,sweet pea
5649,train,4,sweet pea
5650,train,4,sweet pea
5651,train,4,sweet pea
5652,train,4,sweet pea
5654,train,4,sweet pea
5655,train,4,sweet pea
5657,train,4,sweet pea
5659,train,4,sweet pea
5660,train,4,sweet pea
5662,train,4,sweet pea
5663,train,4,sweet pea
5664,train,4,sweet pea
5665,train,4,sweet pea
5666,train,4,sweet pea
5668,train,4,sweet pea
5669,train,4,sweet pea
5670,train,4,sweet pea
5671,train,4,sweet pea
5673,train,4,sweet pea
5674,train,4,sweet pea
5675,train,4,sweet pea
5676,train,4,sweet pea
5677,train,4,sweet pea
5678,train,4,sweet pea
5679,train,4,sweet pea
5680,train,4,sweet pea
5681,train,4,sweet pea
5682,train,4,sweet pea
5147,train,5,english marigold
5148,train,5,english marigold
5149,train,5,english marigold
5151,train,5,english marigold
5153,train,5,english marigold
5154,train,5,english marigold
5155,train,5,english marigold
5156,train,5,english marigold
5158,train,5,english marigold
5159,train,5,english marigold
5160,train,5,english marigold
5161,train,5,english marigold
5162,train,5,english marigold
5164,train,5,english marigold
5165,train,5,english marigold
5166,train,5,english marigold
5167,train,5,english marigold
5168,train,5,english marigold
5169,train,5,english marigold
5171,train,5,english marigold
5173,train,5,english marigold
5174,train,5,english marigold
5175,train,5,english marigold
5176,train,5,english marigold
5177,train,5,english marigold
5179,train,5,english marigold
5180,train,5,english marigold
5181,train,5,english marigold
5182,train,5,english marigold
5183,train,5,english marigold
5185,train,5,english marigold
5186,train,5,english marigold
5187,train,5,english marigold
5188,train,5,english marigold
5189,train,5,english marigold
5191,train,5,english marigold
5192,train,5,english marigold
5193,train,5,english marigold
5194,train,5,english marigold
5195,train,5,english marigold
5196,train,5,english marigold
5197,train,5,english marigold
5198,train,5,english marigold
5199,train,5,english marigold
5200,train,5,english marigold
5203,train,5,english marigold
5204,train,5,english marigold
5205,train,5,english marigold
5207,train,5,english marigold
5208,train,5,english marigold
5210,train,5,english marigold
5211,train,5,english marigold
7162,train,6,tiger lily
7163,train,6,tiger lily
7165,train,6,tiger lily
7166,train,6,tiger lily
7167,train,6,tiger lily
7168,train,6,tiger lily
7170,train,6,tiger lily
7171,train,6,tiger lily
7173,train,6,tiger lily
7174,train,6,tiger lily
7175,train,6,tiger lily
7176,train,6,tiger lily
7178,train,6,tiger lily
7179,train,6,tiger lily
7180,train,6,tiger lily
7182,train,6,tiger lily
7183,train,6,tiger lily
7184,train,6,tiger lily
7186,train,6,tiger lily
7187,train,6,tiger lily
7188,train,6,tiger lily
7189,train,6,tiger lily
7190,train,6,tiger lily
7191,train,6,tiger lily
7192,train,6,tiger lily
7193,train,6,tiger lily
7195,train,6,tiger lily
7196,train,6,tiger lily
7198,train,6,tiger lily
7199,train,6,tiger lily
8105,train,6,tiger lily
8106,train,6,tiger lily
8107,train,6,tiger lily
8109,train,6,tiger lily
8110,train,6,tiger lily
8111,train,6,tiger lily
7200,train,7,moon orchid
7201,train,7,moon orchid
7202,train,7,moon orchid
7203,train,7,moon orchid
7204,train,7,moon orchid
7205,train,7,moon orchid
7206,train,7,moon orchid
7207,train,7,moon orchid
7208,train,7,moon orchid
7209,train,7,moon orchid
7210,train,7,moon orchid
7211,train,7,moon orchid
7212,train,7,moon orchid
7213,train,7,moon orchid
7214,train,7,moon orchid
7215,train,7,moon orchid
7216,train,7,moon orchid
7217,train,7,moon orchid
7218,train,7,moon orchid
7219,train,7,moon orchid
7221,train,7,moon orchid
7222,train,7,moon orchid
7223,train,7,moon orchid
7224,train,7,moon orchid
7225,train,7,moon orchid
7228,train,7,moon orchid
7230,train,7,moon orchid
7231,train,7,moon orchid
8100,train,7,moon orchid
8101,train,7,moon orchid
8102,train,7,moon orchid
8103,train,7,moon orchid
3284,train,8,bird of paradise
3286,train,8,bird of paradise
3287,train,8,bird of paradise
3288,train,8,bird of paradise
3289,train,8,bird of paradise
3290,train,8,bird of paradise
3291,train,8,bird of paradise
3293,train,8,bird of paradise
3294,train,8,bird of paradise
3295,train,8,bird of paradise
3296,train,8,bird of paradise
3297,train,8,bird of paradise
3298,train,8,bird of paradise
3299,train,8,bird of paradise
3301,train,8,bird of paradise
3302,train,8,bird of paradise
3303,train,8,bird of paradise
3304,train,8,bird of paradise
3305,train,8,bird of paradise
3308,train,8,bird of paradise
3309,train,8,bird of paradise
3311,train,8,bird of paradise
3312,train,8,bird of paradise
3313,train,8,bird of paradise
3314,train,8,bird of paradise
3317,train,8,bird of paradise
3318,train,8,bird of paradise
3319,train,8,bird of paradise
3320,train,8,bird of paradise
3321,train,8,bird of paradise
3323,train,8,bird of paradise
3324,train,8,bird of paradise
3325,train,8,bird of paradise
3327,train,8,bird of paradise
3328,train,8,bird of paradise
3332,train,8,bird of paradise
3333,train,8,bird of paradise
3334,train,8,bird of paradise
3335,train,8,bird of paradise
3336,train,8,bird of paradise
3338,train,8,bird of paradise
3339,train,8,bird of paradise
3340,train,8,bird of paradise
3342,train,8,bird of paradise
3343,train,8,bird of paradise
3344,train,8,bird of paradise
3345,train,8,bird of paradise
3346,train,8,bird of paradise
3347,train,8,bird of paradise
3348,train,8,bird of paradise
3351,train,8,bird of paradise
3352,train,8,bird of paradise
3353,train,8,bird of paradise
3354,train,8,bird of paradise
3355,train,8,bird of paradise
3356,train,8,bird of paradise
3357,train,8,bird of paradise
3358,train,8,bird of paradise
3359,train,8,bird of paradise
3360,train,8,bird of paradise
3361,train,8,bird of paradise
3362,train,8,bird of paradise
3363,train,8,bird of paradise
3364,train,8,bird of paradise
3365,train,8,bird of paradise
3366,train,8,bird of paradise
3367,train,8,bird of paradise
3368,train,8,bird of paradise
6395,train,9,monkshood
6396,train,9,monkshood
6398,train,9,monkshood
6400,train,9,monkshood
6401,train,9,monkshood
6402,train,9,monkshood
6403,train,9,monkshood
6404,train,9,monkshood
6405,train,9,monkshood
6407,train,9,monkshood
6408,train,9,monkshood
6409,train,9,monkshood
6411,train,9,monkshood
6412,train,9,monkshood
6413,train,9,monkshood
6414,train,9,monkshood
6415,train,9,monkshood
6417,train,9,monkshood
6418,train,9,monkshood
6419,train,9,monkshood
6421,train,9,monkshood
6422,train,9,monkshood
6424,train,9,monkshood
6425,train,9,monkshood
6426,train,9,monkshood
6427,train,9,monkshood
6428,train,9,monkshood
6429,train,9,monkshood
6430,train,9,monkshood
6432,train,9,monkshood
6433,train,9,monkshood
6434,train,9,monkshood
6435,train,9,monkshood
6436,train,9,monkshood
6437,train,9,monkshood
6438,train,9,monkshood
6440,train,9,monkshood
7087,train,10,globe thistle
7089,train,10,globe thistle
7090,train,10,globe thistle
7091,train,10,globe thistle
7092,train,10,globe thistle
7093,train,10,globe thistle
7094,train,10,globe thistle
7095,train,10,globe thistle
7096,train,10,globe thistle
7098,train,10,globe thistle
7099,train,10,globe thistle
7100,train,10,globe thistle
7101,train,10,globe thistle
7102,train,10,globe thistle
7103,train,10,globe thistle
7104,train,10,globe thistle
7105,train,10,globe thistle
7106,train,10,globe thistle
7107,train,10,globe thistle
7108,train,10,globe thistle
7110,train,10,globe thistle
7111,train,10,globe thistle
7112,train,10,globe thistle
7113,train,10,globe thistle
7114,train,10,globe thistle
7115,train,10,globe thistle
7116,train,10,globe thistle
7117,train,10,globe thistle
7119,train,10,globe thistle
7121,train,10,globe thistle
8090,train,10,globe thistle
8091,train,10,globe thistle
8092,train,10,globe thistle
8093,train,10,globe thistle
8095,train,10,globe thistle
8097,train,10,globe thistle
3095,train,11,snapdragon
3096,train,11,snapdragon
3097,train,11,snapdragon
3098,train,11,snapdragon
3099,train,11,snapdragon
3100,train,11,snapdragon
3101,train,11,snapdragon
3102,train,11,snapdragon
3103,train,11,snapdragon
3104,train,11,snapdragon
3105,train,11,snapdragon
3108,train,11,snapdragon
3109,train,11,snapdragon
3110,train,11,snapdragon
3112,train,11,snapdragon
3113,train,11,snapdragon
3114,train,11,snapdragon
3115,train,11,snapdragon
3116,train,11,snapdragon
3119,train,11,snapdragon
3120,train,11,snapdragon
3121,train,11,snapdragon
3122,train,11,snapdragon
3123,train,11,snapdragon
3125,train,11,snapdragon
3126,train,11,snapdragon
3127,train,11,snapdragon
3128,train,11,snapdragon
3129,train,11,snapdragon
3132,train,11,snapdragon
3133,train,11,snapdragon
3134,train,11,snapdragon
3135,train,11,snapdragon
3136,train,11,snapdragon
3137,train,11,snapdragon
3138,train,11,snapdragon
3139,train,11,snapdragon
3140,train,11,snapdragon
3141,train,11,snapdragon
3142,train,11,snapdragon
3144,train,11,snapdragon
3145,train,11,snapdragon
3146,train,11,snapdragon
3147,train,11,snapdragon
3148,train,11,snapdragon
3150,train,11,snapdragon
3151,train,11,snapdragon
3152,train,11,snapdragon
3153,train,11,snapdragon
3154,train,11,snapdragon
3155,train,11,snapdragon
3157,train,11,snapdragon
3159,train,11,snapdragon
3160,train,11,snapdragon
3161,train,11,snapdragon
3162,train,11,snapdragon
3163,train,11,snapdragon
3164,train,11,snapdragon
3165,train,11,snapdragon
3166,train,11,snapdragon
3167,train,11,snapdragon
3168,train,11,snapdragon
3169,train,11,snapdragon
3171,train,11,snapdragon
3172,train,11,snapdragon
3173,train,11,snapdragon
3177,train,11,snapdragon
3178,train,11,snapdragon
3179,train,11,snapdragon
3180,train,11,snapdragon
3995,train,12,colt's foot
3997,train,12,colt's foot
3998,train,12,colt's foot
3999,train,12,colt's foot
4000,train,12,colt's foot
4001,train,12,colt's foot
4002,train,12,colt's foot
4003,train,12,colt's foot
4004,train,12,colt's foot
4005,train,12,colt's foot
4007,train,12,colt's foot
4008,train,12,colt's foot
4009,train,12,colt's foot
4010,train,12,colt's foot
4011,train,12,colt's foot
4014,train,12,colt's foot
4015,train,12,colt's foot
4016,train,12,colt's foot
4017,train,12,colt's foot
4018,train,12,colt's foot
4019,train,12,colt's foot
4020,train,12,colt's foot
4021,train,12,colt's foot
4022,train,12,colt's foot
4023,train,12,colt's foot
4024,train,12,colt's foot
4025,train,12,colt's foot
4026,train,12,colt's foot
4027,train,12,colt's foot
4028,train,12,colt's foot
4029,train,12,colt's foot
4030,train,12,colt's foot
4031,train,12,colt's foot
4033,train,12,colt's foot
4034,train,12,colt's foot
4035,train,12,colt's foot
4036,train,12,colt's foot
4037,train,12,colt's foot
4039,train,12,colt's foot
4040,train,12,colt's foot
4041,train,12,colt's foot
4042,train,12,colt's foot
4043,train,12,colt's foot
4044,train,12,colt's foot
4045,train,12,colt's foot
4046,train,12,colt's foot
4048,train,12,colt's foot
4049,train,12,colt's foot
4050,train,12,colt's foot
4052,train,12,colt's foot
4053,train,12,colt's foot
4056,train,12,colt's foot
4057,train,12,colt's foot
4058,train,12,colt's foot
4059,train,12,colt's foot
4061,train,12,colt's foot
4062,train,12,colt's foot
4063,train,12,colt's foot
4064,train,12,colt's foot
4066,train,12,colt's foot
4068,train,12,colt's foot
4069,train,12,colt's foot
4070,train,12,colt's foot
4071,train,12,colt's foot
4072,train,12,colt's foot
4073,train,12,colt's foot
4074,train,12,colt's foot
4076,train,12,colt's foot
4077,train,12,colt's foot
4079,train,12,colt's foot
5745,train,13,king protea
5746,train,13,king protea
5747,train,13,king protea
5749,train,13,king protea
5750,train,13,king protea
5751,train,13,king protea
5752,train,13,king protea
5753,train,13,king protea
5755,train,13,king protea
5756,train,13,king protea
5757,train,13,king protea
5758,train,13,king protea
5759,train,13,king protea
5760,train,13,king protea
5762,train,13,king protea
5763,train,13,king protea
5765,train,13,king protea
5766,train,13,king protea
5767,train,13,king protea
5770,train,13,king protea
5771,train,13,king protea
5772,train,13,king protea
5773,train,13,king protea
5774,train,13,king protea
5777,train,13,king protea
5778,train,13,king protea
5779,train,13,king protea
5780,train,13,king protea
5781,train,13,king protea
5782,train,13,king protea
5783,train,13,king protea
5784,train,13,king protea
5785,train,13,king protea
5786,train,13,king protea
5787,train,13,king protea
5789,train,13,king protea
5790,train,13,king protea
5791,train,13,king protea
5792,train,13,king protea
6050,train,14,spear thistle
6052,train,14,spear thistle
6054,train,14,spear thistle
6055,train,14,spear thistle
6056,train,14,spear thistle
6057,train,14,spear thistle
6058,train,14,spear thistle
6059,train,14,spear thistle
6061,train,14,spear thistle
6062,train,14,spear thistle
6064,train,14,spear thistle
6066,train,14,spear thistle
6067,train,14,spear thistle
6068,train,14,spear thistle
6069,train,14,spear thistle
6070,train,14,spear thistle
6072,train,14,spear thistle
6073,train,14,spear thistle
6074,train,14,spear thistle
6075,train,14,spear thistle
6076,train,14,spear thistle
6077,train,14,spear thistle
6079,train,14,spear thistle
6080,train,14,spear thistle
6081,train,14,spear thistle
6082,train,14,spear thistle
6083,train,14,spear thistle
6084,train,14,spear thistle
6085,train,14,spear thistle
6086,train,14,spear thistle
6087,train,14,spear thistle
6088,train,14,spear thistle
6089,train,14,spear thistle
6090,train,14,spear thistle
6093,train,14,spear thistle
6094,train,14,spear thistle
6095,train,14,spear thistle
6096,train,14,spear thistle
6346,train,15,yellow iris
6347,train,15,yellow iris
6348,train,15,yellow iris
6350,train,15,yellow iris
6351,train,15,yellow iris
6352,train,15,yellow iris
6354,train,15,yellow iris
6355,train,15,yellow iris
6357,train,15,yellow iris
6358,train,15,yellow iris
6359,train,15,yellow iris
6360,train,15,yellow iris
6362,train,15,yellow iris
6363,train,15,yellow iris
6364,train,15,yellow iris
6365,train,15,yellow iris
6366,train,15,yellow iris
6367,train,15,yellow iris
6369,train,15,yellow iris
6370,train,15,yellow iris
6371,train,15,yellow iris
6372,train,15,yellow iris
6373,train,15,yellow iris
6374,train,15,yellow iris
6375,train,15,yellow iris
6377,train,15,yellow iris
6378,train,15,yellow iris
6379,train,15,yellow iris
6380,train,15,yellow iris
6381,train,15,yellow iris
6382,train,15,yellow iris
6383,train,15,yellow iris
6384,train,15,yellow iris
6385,train,15,yellow iris
6386,train,15,yellow iris
6387,train,15,yellow iris
6389,train,15,yellow iris
6391,train,15,yellow iris
6394,train,15,yellow iris
6653,train,16,globe-flower
6654,train,16,globe-flower
6655,train,16,globe-flower
6656,train,16,globe-flower
6657,train,16,globe-flower
6658,train,16,globe-flower
6660,train,16,globe-flower
6661,train,16,globe-flower
6662,train,16,globe-flower
6663,train,16,globe-flower
6664,train,16,globe-flower
6667,train,16,globe-flower
6668,train,16,globe-flower
6669,train,16,globe-flower
6670,train,16,globe-flower
6671,train,16,globe-flower
6672,train,16,globe-flower
6674,train,16,globe-flower
6675,train,16,globe-flower
6676,train,16,globe-flower
6678,train,16,globe-flower
6679,train,16,globe-flower
6680,train,16,globe-flower
6681,train,16,globe-flower
6682,train,16,globe-flower
6683,train,16,globe-flower
6684,train,16,globe-flower
6685,train,16,globe-flower
6688,train,16,globe-flower
6689,train,16,globe-flower
6690,train,16,globe-flower
6691,train,16,globe-flower
6692,train,16,globe-flower
3828,train,17,purple coneflower
3829,train,17,purple coneflower
3830,train,17,purple coneflower
3831,train,17,purple coneflower
3832,train,17,purple coneflower
3834,train,17,purple coneflower
3836,train,17,purple coneflower
3838,train,17,purple coneflower
3839,train,17,purple coneflower
3841,train,17,purple coneflower
3842,train,17,purple coneflower
3843,train,17,purple coneflower
3846,train,17,purple coneflower
3847,train,17,purple coneflower
3848,train,17,purple coneflower
3849,train,17,purple coneflower
3850,train,17,purple coneflower
3851,train,17,purple coneflower
3854,train,17,purple coneflower
3855,train,17,purple coneflower
3856,train,17,purple coneflower
3857,train,17,purple coneflower
3858,train,17,purple coneflower
3859,train,17,purple coneflower
3860,train,17,purple coneflower
3862,train,17,purple coneflower
3863,train,17,purple coneflower
3864,train,17,purple coneflower
3865,train,17,purple coneflower
3866,train,17,purple coneflower
3870,train,17,purple coneflower
3872,train,17,purple coneflower
3873,train,17,purple coneflower
3874,train,17,purple coneflower
3875,train,17,purple coneflower
3876,train,17,purple coneflower
3877,train,17,purple coneflower
3878,train,17,purple coneflower
3880,train,17,purple coneflower
3881,train,17,purple coneflower
3882,train,17,purple coneflower
3883,train,17,purple coneflower
3884,train,17,purple coneflower
3885,train,17,purple coneflower
3886,train,17,purple coneflower
3887,train,17,purple coneflower
3888,train,17,purple coneflower
3889,train,17,purple coneflower
3890,train,17,purple coneflower
3891,train,17,purple coneflower
3892,train,17,purple coneflower
3893,train,17,purple coneflower
3896,train,17,purple coneflower
3897,train,17,purple coneflower
3898,train,17,purple coneflower
3899,train,17,purple coneflower
3900,train,17,purple coneflower
3901,train,17,purple coneflower
3902,train,17,purple coneflower
3903,train,17,purple coneflower
3904,train,17,purple coneflower
3905,train,17,purple coneflower
3906,train,17,purple coneflower
3907,train,17,purple coneflower
3908,train,17,purple coneflower
3909,train,17,purple coneflower
3910,train,17,purple coneflower
3912,train,17,purple coneflower
4244,train,18,peruvian lily
4247,train,18,peruvian lily
4250,train,18,peruvian lily
4251,train,18,peruvian lily
4252,train,18,peruvian lily
4255,train,18,peruvian lily
4257,train,18,peruvian lily
4258,train,18,peruvian lily
4259,train,18,peruvian lily
4260,train,18,peruvian lily
4261,train,18,peruvian lily
4262,train,18,peruvian lily
4263,train,18,peruvian lily
4264,train,18,peruvian lily
4265,train,18,peruvian lily
4267,train,18,peruvian lily
4268,train,18,peruvian lily
4269,train,18,peruvian lily
4270,train,18,peruvian lily
4271,train,18,peruvian lily
4272,train,18,peruvian lily
4273,train,18,peruvian lily
4274,train,18,peruvian lily
4275,train,18,peruvian lily
4277,train,18,peruvian lily
4278,train,18,peruvian lily
4279,train,18,peruvian lily
4280,train,18,peruvian lily
4281,train,18,peruvian lily
4282,train,18,peruvian lily
4284,train,18,peruvian lily
4285,train,18,peruvian lily
4286,train,18,peruvian lily
4288,train,18,peruvian lily
4289,train,18,peruvian lily
4290,train,18,peruvian lily
4291,train,18,peruvian lily
4292,train,18,peruvian lily
4294,train,18,peruvian lily
4295,train,18,peruvian lily
4296,train,18,peruvian lily
4297,train,18,peruvian lily
4298,train,18,peruvian lily
4299,train,18,peruvian lily
4300,train,18,peruvian lily
4301,train,18,peruvian lily
4302,train,18,peruvian lily
4303,train,18,peruvian lily
4304,train,18,peruvian lily
4305,train,18,peruvian lily
4306,train,18,peruvian lily
4307,train,18,peruvian lily
4309,train,18,peruvian lily
4310,train,18,peruvian lily
4311,train,18,peruvian lily
4312,train,18,peruvian lily
4313,train,18,peruvian lily
4315,train,18,peruvian lily
4316,train,18,peruvian lily
4317,train,18,peruvian lily
4318,train,18,peruvian lily
4321,train,18,peruvian lily
4322,train,18,peruvian lily
4323,train,18,peruvian lily
4324,train,18,peruvian lily
4325,train,18,peruvian lily
6149,train,19,balloon flower
6150,train,19,balloon flower
6151,train,19,balloon flower
6152,train,19,balloon flower
6153,train,19,balloon flower
6154,train,19,balloon flower
6157,train,19,balloon flower
6158,train,19,balloon flower
6159,train,19,balloon flower
6160,train,19,balloon flower
6161,train,19,balloon flower
6162,train,19,balloon flower
6164,train,19,balloon flower
6165,train,19,balloon flower
6166,train,19,balloon flower
6167,train,19,balloon flower
6168,train,19,balloon flower
6169,train,19,balloon flower
6170,train,19,balloon flower
6171,train,19,balloon flower
6172,train,19,balloon flower
6173,train,19,balloon flower
6174,train,19,balloon flower
6176,train,19,balloon flower
6179,train,19,balloon flower
6180,train,19,balloon flower
6182,train,19,balloon flower
6183,train,19,balloon flower
6185,train,19,balloon flower
6186,train,19,balloon flower
6188,train,19,balloon flower
6189,train,19,balloon flower
6191,train,19,balloon flower
6192,train,19,balloon flower
6193,train,19,balloon flower
6194,train,19,balloon flower
6195,train,19,balloon flower
6196,train,19,balloon flower
6197,train,19,balloon flower
4897,train,20,giant white arum lily
4898,train,20,giant white arum lily
4899,train,20,giant white arum lily
4900,train,20,giant white arum lily
4901,train,20,giant white arum lily
4903,train,20,giant white arum lily
4905,train,20,giant white arum lily
4908,train,20,giant white arum lily
4909,train,20,giant white arum lily
4910,train,20,giant white arum lily
4911,train,20,giant white arum lily
4912,train,20,giant white arum lily
4913,train,20,giant white arum lily
4914,train,20,giant white arum lily
4915,train,20,giant white arum lily
4916,train,20,giant white arum lily
4917,train,20,giant white arum lily
4918,train,20,giant white arum lily
4920,train,20,giant white arum lily
4921,train,20,giant white arum lily
4923,train,20,giant white arum lily
4924,train,20,giant white arum lily
4925,train,20,giant white arum lily
4926,train,20,giant white arum lily
4927,train,20,giant white arum lily
4928,train,20,giant white arum lily
4929,train,20,giant white arum lily
4930,train,20,giant white arum lily
4931,train,20,giant white arum lily
4932,train,20,giant white arum lily
4933,train,20,giant white arum lily
4935,train,20,giant white arum lily
4937,train,20,giant white arum lily
4938,train,20,giant white arum lily
4940,train,20,giant white arum lily
4941,train,20,giant white arum lily
4944,train,20,giant white arum lily
4945,train,20,giant white arum lily
4946,train,20,giant white arum lily
4947,train,20,giant white arum lily
4948,train,20,giant white arum lily
4949,train,20,giant white arum lily
4950,train,20,giant white arum lily
4951,train,20,giant white arum lily
4952,train,20,giant white arum lily
6774,train,21,fire lily
6776,train,21,fire lily
6777,train,21,fire lily
6778,train,21,fire lily
6779,train,21,fire lily
6781,train,21,fire lily
6782,train,21,fire lily
6783,train,21,fire lily
6785,train,21,fire lily
6786,train,21,fire lily
6787,train,21,fire lily
6788,train,21,fire lily
6789,train,21,fire lily
6790,train,21,fire lily
6792,train,21,fire lily
6793,train,21,fire lily
6794,train,21,fire lily
6795,train,21,fire lily
6796,train,21,fire lily
6797,train,21,fire lily
6801,train,21,fire lily
6802,train,21,fire lily
6803,train,21,fire lily
6804,train,21,fire lily
6805,train,21,fire lily
6806,train,21,fire lily
6807,train,21,fire lily
6809,train,21,fire lily
6810,train,21,fire lily
6811,train,21,fire lily
6812,train,21,fire lily
6813,train,21,fire lily
5340,train,22,pincushion flower
5341,train,22,pincushion flower
5342,train,22,pincushion flower
5343,train,22,pincushion flower
5344,train,22,pincushion flower
5345,train,22,pincushion flower
5346,train,22,pincushion flower
5347,train,22,pincushion flower
5348,train,22,pincushion flower
5349,train,22,pincushion flower
5350,train,22,pincushion flower
5351,train,22,pincushion flower
5353,train,22,pincushion flower
5354,train,22,pincushion flower
5355,train,22,pincushion flower
5356,train,22,pincushion flower
5357,train,22,pincushion flower
5359,train,22,pincushion flower
5360,train,22,pincushion flower
5361,train,22,pincushion flower
5363,train,22,pincushion flower
5364,train,22,pincushion flower
5365,train,22,pincushion flower
5366,train,22,pincushion flower
5367,train,22,pincushion flower
5370,train,22,pincushion flower
5372,train,22,pincushion flower
5373,train,22,pincushion flower
5374,train,22,pincushion flower
5375,train,22,pincushion flower
5376,train,22,pincushion flower
5377,train,22,pincushion flower
5378,train,22,pincushion flower
5379,train,22,pincushion flower
5380,train,22,pincushion flower
5381,train,22,pincushion flower
5382,train,22,pincushion flower
5383,train,22,pincushion flower
5385,train,22,pincushion flower
5386,train,22,pincushion flower
5387,train,22,pincushion flower
5389,train,22,pincushion flower
5393,train,22,pincushion flower
5394,train,22,pincushion flower
5395,train,22,pincushion flower
5396,train,22,pincushion flower
5398,train,22,pincushion flower
3371,train,23,fritillary
3372,train,23,fritillary
3373,train,23,fritillary
3374,train,23,fritillary
3376,train,23,fritillary
3377,train,23,fritillary
3378,train,23,fritillary
3379,train,23,fritillary
3380,train,23,fritillary
3381,train,23,fritillary
3383,train,23,fritillary
3384,train,23,fritillary
3385,train,23,fritillary
3386,train,23,fritillary
3388,train,23,fritillary
3389,train,23,fritillary
3390,train,23,fritillary
3392,train,23,fritillary
3393,train,23,fritillary
3394,train,23,fritillary
3395,train,23,fritillary
3396,train,23,fritillary
3398,train,23,fritillary
3399,train,23,fritillary
3400,train,23,fritillary
3402,train,23,fritillary
3403,train,23,fritillary
3405,train,23,fritillary
3406,train,23,fritillary
3407,train,23,fritillary
3408,train,23,fritillary
3409,train,23,fritillary
3410,train,23,fritillary
3411,train,23,fritillary
3412,train,23,fritillary
3413,train,23,fritillary
3414,train,23,fritillary
3417,train,23,fritillary
3418,train,23,fritillary
3419,train,23,fritillary
3420,train,23,fritillary
3421,train,23,fritillary
3422,train,23,fritillary
3424,train,23,fritillary
3425,train,23,fritillary
3426,train,23,fritillary
3427,train,23,fritillary
3429,train,23,fritillary
3430,train,23,fritillary
3431,train,23,fritillary
3432,train,23,fritillary
3433,train,23,fritillary
3434,train,23,fritillary
3435,train,23,fritillary
3436,train,23,fritillary
3437,train,23,fritillary
3438,train,23,fritillary
3439,train,23,fritillary
3440,train,23,fritillary
3441,train,23,fritillary
3443,train,23,fritillary
3444,train,23,fritillary
3445,train,23,fritillary
3446,train,23,fritillary
3447,train,23,fritillary
3448,train,23,fritillary
3451,train,23,fritillary
3452,train,23,fritillary
3455,train,23,fritillary
3456,train,23,fritillary
3457,train,23,fritillary
3458,train,23,fritillary
3459,train,23,fritillary
6815,train,24,red ginger
6816,train,24,red ginger
6817,train,24,red ginger
6818,train,24,red ginger
6819,train,24,red ginger
6820,train,24,red ginger
6821,train,24,red ginger
6822,train,24,red ginger
6823,train,24,red ginger
6825,train,24,red ginger
6826,train,24,red ginger
6827,train,24,red ginger
6828,train,24,red ginger
6829,train,24,red ginger
6830,train,24,red ginger
6831,train,24,red ginger
6832,train,24,red ginger
6833,train,24,red ginger
6835,train,24,red ginger
6836,train,24,red ginger
6837,train,24,red ginger
6838,train,24,red ginger
6840,train,24,red ginger
6841,train,24,red ginger
6843,train,24,red ginger
6844,train,24,red ginger
6845,train,24,red ginger
6846,train,24,red ginger
6847,train,24,red ginger
8049,train,24,red ginger
8050,train,24,red ginger
8051,train,24,red ginger
8052,train,24,red ginger
8053,train,24,red ginger
6571,train,25,grape hyacinth
6572,train,25,grape hyacinth
6574,train,25,grape hyacinth
6575,train,25,grape hyacinth
6576,train,25,grape hyacinth
6577,train,25,grape hyacinth
6578,train,25,grape hyacinth
6579,train,25,grape hyacinth
6580,train,25,grape hyacinth
6581,train,25,grape hyacinth
6583,train,25,grape hyacinth
6584,train,25,grape hyacinth
6585,train,25,grape hyacinth
6586,train,25,grape hyacinth
6587,train,25,grape hyacinth
6588,train,25,grape hyacinth
6590,train,25,grape hyacinth
6591,train,25,grape hyacinth
6592,train,25,grape hyacinth
6593,train,25,grape hyacinth
6594,train,25,grape hyacinth
6595,train,25,grape hyacinth
6596,train,25,grape hyacinth
6597,train,25,grape hyacinth
6598,train,25,grape hyacinth
6599,train,25,grape hyacinth
6601,train,25,grape hyacinth
6602,train,25,grape hyacinth
6603,train,25,grape hyacinth
6606,train,25,grape hyacinth
6608,train,25,grape hyacinth
6610,train,25,grape hyacinth
6611,train,25,grape hyacinth
6487,train,26,corn poppy
6488,train,26,corn poppy
6489,train,26,corn poppy
6490,train,26,corn poppy
6491,train,26,corn poppy
6492,train,26,corn poppy
6496,train,26,corn poppy
6497,train,26,corn poppy
6498,train,26,corn poppy
6499,train,26,corn poppy
6502,train,26,corn poppy
6503,train,26,corn poppy
6505,train,26,corn poppy
6506,train,26,corn poppy
6507,train,26,corn poppy
6508,train,26,corn poppy
6510,train,26,corn poppy
6511,train,26,corn poppy
6512,train,26,corn poppy
6513,train,26,corn poppy
6514,train,26,corn poppy
6516,train,26,corn poppy
6517,train,26,corn poppy
6518,train,26,corn poppy
6519,train,26,corn poppy
6520,train,26,corn poppy
6521,train,26,corn poppy
6522,train,26,corn poppy
6523,train,26,corn poppy
6524,train,26,corn poppy
6525,train,26,corn poppy
6526,train,26,corn poppy
6527,train,26,corn poppy
6850,train,27,prince of wales feathers
6852,train,27,prince of wales feathers
6853,train,27,prince of wales feathers
6854,train,27,prince of wales feathers
6855,train,27,prince of wales feathers
6856,train,27,prince of wales feathers
6857,train,27,prince of wales feathers
6858,train,27,prince of wales feathers
6859,train,27,prince of wales feathers
6860,train,27,prince of wales feathers
6861,train,27,prince of wales feathers
6863,train,27,prince of wales feathers
6864,train,27,prince of wales feathers
6866,train,27,prince of wales feathers
6868,train,27,prince of wales feathers
6869,train,27,prince of wales feathers
6870,train,27,prince of wales feathers
6871,train,27,prince of wales feathers
6872,train,27,prince of wales feathers
6873,train,27,prince of wales feathers
6874,train,27,prince of wales feathers
6875,train,27,prince of wales feathers
6876,train,27,prince of wales feathers
6877,train,27,prince of wales feathers
6878,train,27,prince of wales feathers
6880,train,27,prince of wales feathers
6881,train,27,prince of wales feathers
6882,train,27,prince of wales feathers
6885,train,27,prince of wales feathers
6886,train,27,prince of wales feathers
6888,train,27,prince of wales feathers
6889,train,27,prince of wales feathers
5212,train,28,stemless gentian
5213,train,28,stemless gentian
5214,train,28,stemless gentian
5216,train,28,stemless gentian
5218,train,28,stemless gentian
5219,train,28,stemless gentian
5220,train,28,stemless gentian
5221,train,28,stemless gentian
5222,train,28,stemless gentian
5224,train,28,stemless gentian
5225,train,28,stemless gentian
5227,train,28,stemless gentian
5228,train,28,stemless gentian
5229,train,28,stemless gentian
5230,train,28,stemless gentian
5231,train,28,stemless gentian
5232,train,28,stemless gentian
5233,train,28,stemless gentian
5234,train,28,stemless gentian
5236,train,28,stemless gentian
5237,train,28,stemless gentian
5238,train,28,stemless gentian
5239,train,28,stemless gentian
5240,train,28,stemless gentian
5241,train,28,stemless gentian
5242,train,28,stemless gentian
5243,train,28,stemless gentian
5244,train,28,stemless gentian
5245,train,28,stemless gentian
5246,train,28,stemless gentian
5247,train,28,stemless gentian
5249,train,28,stemless gentian
5251,train,28,stemless gentian
5252,train,28,stemless gentian
5253,train,28,stemless gentian
5255,train,28,stemless gentian
5256,train,28,stemless gentian
5257,train,28,stemless gentian
5258,train,28,stemless gentian
5259,train,28,stemless gentian
5261,train,28,stemless gentian
5262,train,28,stemless gentian
5263,train,28,stemless gentian
5264,train,28,stemless gentian
5265,train,28,stemless gentian
5266,train,28,stemless gentian
5267,train,28,stemless gentian
5272,train,28,stemless gentian
5273,train,28,stemless gentian
5274,train,28,stemless gentian
5275,train,28,stemless gentian
5276,train,28,stemless gentian
5277,train,28,stemless gentian
4081,train,29,artichoke
4082,train,29,artichoke
4083,train,29,artichoke
4084,train,29,artichoke
4086,train,29,artichoke
4087,train,29,artichoke
4088,train,29,artichoke
4089,train,29,artichoke
4090,train,29,artichoke
4092,train,29,artichoke
4094,train,29,artichoke
4095,train,29,artichoke
4096,train,29,artichoke
4097,train,29,artichoke
4099,train,29,artichoke
4100,train,29,artichoke
4101,train,29,artichoke
4102,train,29,artichoke
4103,train,29,artichoke
4104,train,29,artichoke
4106,train,29,artichoke
4107,train,29,artichoke
4109,train,29,artichoke
4110,train,29,artichoke
4111,train,29,artichoke
4112,train,29,artichoke
4113,train,29,artichoke
4114,train,29,artichoke
4115,train,29,artichoke
4116,train,29,artichoke
4119,train,29,artichoke
4121,train,29,artichoke
4122,train,29,artichoke
4123,train,29,artichoke
4124,train,29,artichoke
4125,train,29,artichoke
4126,train,29,artichoke
4127,train,29,artichoke
4129,train,29,artichoke
4130,train,29,artichoke
4131,train,29,artichoke
4132,train,29,artichoke
4133,train,29,artichoke
4134,train,29,artichoke
4135,train,29,artichoke
4136,train,29,artichoke
4137,train,29,artichoke
4138,train,29,artichoke
4141,train,29,artichoke
4142,train,29,artichoke
4143,train,29,artichoke
4144,train,29,artichoke
4145,train,29,artichoke
4146,train,29,artichoke
4147,train,29,artichoke
4148,train,29,artichoke
4149,train,29,artichoke
4153,train,29,artichoke
4154,train,29,artichoke
4155,train,29,artichoke
4157,train,29,artichoke
4158,train,29,artichoke
3460,train,30,sweet william
3461,train,30,sweet william
3462,train,30,sweet william
3463,train,30,sweet william
3464,train,30,sweet william
3465,train,30,sweet william
3466,train,30,sweet william
3467,train,30,sweet william
3468,train,30,sweet william
3470,train,30,sweet william
3472,train,30,sweet william
3473,train,30,sweet william
3474,train,30,sweet william
3475,train,30,sweet william
3477,train,30,sweet william
3478,train,30,sweet william
3480,train,30,sweet william
3482,train,30,sweet william
3483,train,30,sweet william
3484,train,30,sweet william
3485,train,30,sweet william
3486,train,30,sweet william
3488,train,30,sweet william
3489,train,30,sweet william
3490,train,30,sweet william
3491,train,30,sweet william
3492,train,30,sweet william
3493,train,30,sweet william
3494,train,30,sweet william
3495,train,30,sweet william
3497,train,30,sweet william
3498,train,30,sweet william
3499,train,30,sweet william
3500,train,30,sweet william
3501,train,30,sweet william
3502,train,30,sweet william
3503,train,30,sweet william
3504,train,30,sweet william
3505,train,30,sweet william
3506,train,30,sweet william
3507,train,30,sweet william
3508,train,30,sweet william
3510,train,30,sweet william
3511,train,30,sweet william
3512,train,30,sweet william
3513,train,30,sweet william
3514,train,30,sweet william
3515,train,30,sweet william
3516,train,30,sweet william
3517,train,30,sweet william
3518,train,30,sweet william
3520,train,30,sweet william
3521,train,30,sweet william
3522,train,30,sweet william
3525,train,30,sweet william
3526,train,30,sweet william
3528,train,30,sweet william
3529,train,30,sweet william
3530,train,30,sweet william
3531,train,30,sweet william
3532,train,30,sweet william
3534,train,30,sweet william
3536,train,30,sweet william
3537,train,30,sweet william
3541,train,30,sweet william
3542,train,30,sweet william
3543,train,30,sweet william
3544,train,30,sweet william
6890,train,31,carnation
6891,train,31,carnation
6893,train,31,carnation
6894,train,31,carnation
6895,train,31,carnation
6898,train,31,carnation
6899,train,31,carnation
6900,train,31,carnation
6901,train,31,carnation
6902,train,31,carnation
6903,train,31,carnation
6905,train,31,carnation
6907,train,31,carnation
6908,train,31,carnation
6909,train,31,carnation
6910,train,31,carnation
6911,train,31,carnation
6912,train,31,carnation
6913,train,31,carnation
6915,train,31,carnation
6917,train,31,carnation
6919,train,31,carnation
6920,train,31,carnation
6921,train,31,carnation
6922,train,31,carnation
6923,train,31,carnation
6924,train,31,carnation
6925,train,31,carnation
6926,train,31,carnation
6927,train,31,carnation
6928,train,31,carnation
8065,train,31,carnation
8066,train,31,carnation
8067,train,31,carnation
8068,train,31,carnation
8069,train,31,carnation
8070,train,31,carnation
8072,train,31,carnation
8073,train,31,carnation
8075,train,31,carnation
8076,train,31,carnation
8077,train,31,carnation
5584,train,32,garden phlox
5585,train,32,garden phlox
5586,train,32,garden phlox
5587,train,32,garden phlox
5588,train,32,garden phlox
5589,train,32,garden phlox
5590,train,32,garden phlox
5591,train,32,garden phlox
5592,train,32,garden phlox
5594,train,32,garden phlox
5596,train,32,garden phlox
5597,train,32,garden phlox
5600,train,32,garden phlox
5601,train,32,garden phlox
5602,train,32,garden phlox
5604,train,32,garden phlox
5606,train,32,garden phlox
5607,train,32,garden phlox
5608,train,32,garden phlox
5609,train,32,garden phlox
5610,train,32,garden phlox
5612,train,32,garden phlox
5613,train,32,garden phlox
5614,train,32,garden phlox
5617,train,32,garden phlox
5618,train,32,garden phlox
5619,train,32,garden phlox
5620,train,32,garden phlox
5621,train,32,garden phlox
5622,train,32,garden phlox
5623,train,32,garden phlox
5624,train,32,garden phlox
5625,train,32,garden phlox
5626,train,32,garden phlox
5627,train,32,garden phlox
5628,train,32,garden phlox
6441,train,33,love in the mist
6442,train,33,love in the mist
6443,train,33,love in the mist
6445,train,33,love in the mist
6448,train,33,love in the mist
6449,train,33,love in the mist
6450,train,33,love in the mist
6452,train,33,love in the mist
6453,train,33,love in the mist
6454,train,33,love in the mist
6455,train,33,love in the mist
6457,train,33,love in the mist
6458,train,33,love in the mist
6459,train,33,love in the mist
6461,train,33,love in the mist
6463,train,33,love in the mist
6464,train,33,love in the mist
6465,train,33,love in the mist
6467,train,33,love in the mist
6468,train,33,love in the mist
6469,train,33,love in the mist
6470,train,33,love in the mist
6471,train,33,love in the mist
6472,train,33,love in the mist
6473,train,33,love in the mist
6474,train,33,love in the mist
6475,train,33,love in the mist
6476,train,33,love in the mist
6477,train,33,love in the mist
6478,train,33,love in the mist
6479,train,33,love in the mist
6480,train,33,love in the mist
6481,train,33,love in the mist
6482,train,33,love in the mist
6483,train,33,love in the mist
6484,train,33,love in the mist
6485,train,33,love in the mist
6929,train,34,mexican aster
6930,train,34,mexican aster
6931,train,34,mexican aster
6933,train,34,mexican aster
6934,train,34,mexican aster
6935,train,34,mexican aster
6936,train,34,mexican aster
6937,train,34,mexican aster
6938,train,34,mexican aster
6939,train,34,mexican aster
6940,train,34,mexican aster
6941,train,34,mexican aster
6942,train,34,mexican aster
6943,train,34,mexican aster
6944,train,34,mexican aster
6945,train,34,mexican aster
6946,train,34,mexican aster
6947,train,34,mexican aster
6950,train,34,mexican aster
6951,train,34,mexican aster
6953,train,34,mexican aster
6954,train,34,mexican aster
6955,train,34,mexican aster
6957,train,34,mexican aster
6958,train,34,mexican aster
6960,train,34,mexican aster
6961,train,34,mexican aster
6962,train,34,mexican aster
6963,train,34,mexican aster
6964,train,34,mexican aster
6967,train,34,mexican aster
6968,train,34,mexican aster
6969,train,35,alpine sea holly
6971,train,35,alpine sea holly
6972,train,35,alpine sea holly
6974,train,35,alpine sea holly
6975,train,35,alpine sea holly
6976,train,35,alpine sea holly
6977,train,35,alpine sea holly
6978,train,35,alpine sea holly
6979,train,35,alpine sea holly
6980,train,35,alpine sea holly
6981,train,35,alpine sea holly
6983,train,35,alpine sea holly
6984,train,35,alpine sea holly
6985,train,35,alpine sea holly
6986,train,35,alpine sea holly
6987,train,35,alpine sea holly
6989,train,35,alpine sea holly
6990,train,35,alpine sea holly
6991,train,35,alpine sea holly
6992,train,35,alpine sea holly
6994,train,35,alpine sea holly
6995,train,35,alpine sea holly
6996,train,35,alpine sea holly
6997,train,35,alpine sea holly
6998,train,35,alpine sea holly
6999,train,35,alpine sea holly
7000,train,35,alpine sea holly
7001,train,35,alpine sea holly
7002,train,35,alpine sea holly
7003,train,35,alpine sea holly
7004,train,35,alpine sea holly
7006,train,35,alpine sea holly
8084,train,35,alpine sea holly
8085,train,35,alpine sea holly
4326,train,36,ruby-lipped cattleya
4328,train,36,ruby-lipped cattleya
4329,train,36,ruby-lipped cattleya
4330,train,36,ruby-lipped cattleya
4332,train,36,ruby-lipped cattleya
4333,train,36,ruby-lipped cattleya
4335,train,36,ruby-lipped cattleya
4336,train,36,ruby-lipped cattleya
4337,train,36,ruby-lipped cattleya
4338,train,36,ruby-lipped cattleya
4340,train,36,ruby-lipped cattleya
4341,train,36,ruby-lipped cattleya
4342,train,36,ruby-lipped cattleya
4343,train,36,ruby-lipped cattleya
4344,train,36,ruby-lipped cattleya
4346,train,36,ruby-lipped cattleya
4347,train,36,ruby-lipped cattleya
4348,train,36,ruby-lipped cattleya
4349,train,36,ruby-lipped cattleya
4350,train,36,ruby-lipped cattleya
4351,train,36,ruby-lipped cattleya
4352,train,36,ruby-lipped cattleya
4354,train,36,ruby-lipped cattleya
4355,train,36,ruby-lipped cattleya
4356,train,36,ruby-lipped cattleya
4357,train,36,ruby-lipped cattleya
4358,train,36,ruby-lipped cattleya
4359,train,36,ruby-lipped cattleya
4360,train,36,ruby-lipped cattleya
4361,train,36,ruby-lipped cattleya
4363,train,36,ruby-lipped cattleya
4364,train,36,ruby-lipped cattleya
4365,train,36,ruby-lipped cattleya
4366,train,36,ruby-lipped cattleya
4367,train,36,ruby-lipped cattleya
4368,train,36,ruby-lipped cattleya
4370,train,36,ruby-lipped cattleya
4371,train,36,ruby-lipped cattleya
4373,train,36,ruby-lipped cattleya
4376,train,36,ruby-lipped cattleya
4377,train,36,ruby-lipped cattleya
4378,train,36,ruby-lipped cattleya
4379,train,36,ruby-lipped cattleya
4380,train,36,ruby-lipped cattleya
4382,train,36,ruby-lipped cattleya
4383,train,36,ruby-lipped cattleya
4384,train,36,ruby-lipped cattleya
4385,train,36,ruby-lipped cattleya
4387,train,36,ruby-lipped cattleya
4388,train,36,ruby-lipped cattleya
4389,train,36,ruby-lipped cattleya
4390,train,36,ruby-lipped cattleya
4391,train,36,ruby-lipped cattleya
4392,train,36,ruby-lipped cattleya
4393,train,36,ruby-lipped cattleya
4394,train,36,ruby-lipped cattleya
4395,train,36,ruby-lipped cattleya
4396,train,36,ruby-lipped cattleya
4397,train,36,ruby-lipped cattleya
4398,train,36,ruby-lipped cattleya
3734,train,37,cape flower
3735,train,37,cape flower
3736,train,37,cape flower
3737,train,37,cape flower
3738,train,37,cape flower
3739,train,37,cape flower
3740,train,37,cape flower
3741,train,37,cape flower
3742,train,37,cape flower
3743,train,37,cape flower
3744,train,37,cape flower
3745,train,37,cape flower
3748,train,37,cape flower
3749,train,37,cape flower
3750,train,37,cape flower
3751,train,37,cape flower
3752,train,37,cape flower
3753,train,37,cape flower
3754,train,37,cape flower
3755,train,37,cape flower
3756,train,37,cape flower
3757,train,37,cape flower
3758,train,37,cape flower
3759,train,37,cape flower
3760,train,37,cape flower
3761,train,37,cape flower
3762,train,37,cape flower
3763,train,37,cape flower
3765,train,37,cape flower
3767,train,37,cape flower
3768,train,37,cape flower
3769,train,37,cape flower
3770,train,37,cape flower
3771,train,37,cape flower
3772,train,37,cape flower
3773,train,37,cape flower
3775,train,37,cape flower
3776,train,37,cape flower
3777,train,37,cape flower
3778,train,37,cape flower
3779,train,37,cape flower
3780,train,37,cape flower
3782,train,37,cape flower
3783,train,37,cape flower
3784,train,37,cape flower
3785,train,37,cape flower
3787,train,37,cape flower
3788,train,37,cape flower
3789,train,37,cape flower
3790,train,37,cape flower
3791,train,37,cape flower
3792,train,37,cape flower
3793,train,37,cape flower
3794,train,37,cape flower
3798,train,37,cape flower
3800,train,37,cape flower
3804,train,37,cape flower
3805,train,37,cape flower
3807,train,37,cape flower
3809,train,37,cape flower
3811,train,37,cape flower
3812,train,37,cape flower
3813,train,37,cape flower
3814,train,37,cape flower
3815,train,37,cape flower
3816,train,37,cape flower
3817,train,37,cape flower
3818,train,37,cape flower
3819,train,37,cape flower
3820,train,37,cape flower
3821,train,37,cape flower
3824,train,37,cape flower
3826,train,37,cape flower
3827,train,37,cape flower
7285,train,37,cape flower
7286,train,37,cape flower
7288,train,37,cape flower
7289,train,37,cape flower
7290,train,37,cape flower
7291,train,37,cape flower
7292,train,37,cape flower
7293,train,37,cape flower
7294,train,37,cape flower
7295,train,37,cape flower
7297,train,37,cape flower
7298,train,37,cape flower
5793,train,38,great masterwort
5794,train,38,great masterwort
5795,train,38,great masterwort
5796,train,38,great masterwort
5797,train,38,great masterwort
5798,train,38,great masterwort
5800,train,38,great masterwort
5801,train,38,great masterwort
5803,train,38,great masterwort
5804,train,38,great masterwort
5806,train,38,great masterwort
5807,train,38,great masterwort
5808,train,38,great masterwort
5809,train,38,great masterwort
5810,train,38,great masterwort
5811,train,38,great masterwort
5812,train,38,great masterwort
5813,train,38,great masterwort
5814,train,38,great masterwort
5815,train,38,great masterwort
5816,train,38,great masterwort
5817,train,38,great masterwort
5818,train,38,great masterwort
5819,train,38,great masterwort
5820,train,38,great masterwort
5821,train,38,great masterwort
5822,train,38,great masterwort
5824,train,38,great masterwort
5825,train,38,great masterwort
5826,train,38,great masterwort
5827,train,38,great masterwort
5829,train,38,great masterwort
5830,train,38,great masterwort
5832,train,38,great masterwort
5833,train,38,great masterwort
5835,train,38,great masterwort
5837,train,38,great masterwort
5838,train,38,great masterwort
5839,train,38,great masterwort
5842,train,38,great masterwort
5843,train,38,great masterwort
5844,train,38,great masterwort
5845,train,38,great masterwort
5846,train,38,great masterwort
5847,train,38,great masterwort
7007,train,39,siam tulip
7008,train,39,siam tulip
7009,train,39,siam tulip
7010,train,39,siam tulip
7011,train,39,siam tulip
7012,train,39,siam tulip
7014,train,39,siam tulip
7015,train,39,siam tulip
7016,train,39,siam tulip
7017,train,39,siam tulip
7018,train,39,siam tulip
7019,train,39,siam tulip
7020,train,39,siam tulip
7022,train,39,siam tulip
7024,train,39,siam tulip
7025,train,39,siam tulip
7026,train,39,siam tulip
7029,train,39,siam tulip
7030,train,39,siam tulip
7031,train,39,siam tulip
7032,train,39,siam tulip
7033,train,39,siam tulip
7035,train,39,siam tulip
7036,train,39,siam tulip
7037,train,39,siam tulip
7038,train,39,siam tulip
7039,train,39,siam tulip
7040,train,39,siam tulip
7042,train,39,siam tulip
7044,train,39,siam tulip
7045,train,39,siam tulip
8080,train,39,siam tulip
8081,train,39,siam tulip
4558,train,40,lenten rose
4564,train,40,lenten rose
4566,train,40,lenten rose
4567,train,40,lenten rose
4568,train,40,lenten rose
4569,train,40,lenten rose
4571,train,40,lenten rose
4572,train,40,lenten rose
4573,train,40,lenten rose
4574,train,40,lenten rose
4575,train,40,lenten rose
4576,train,40,lenten rose
4577,train,40,lenten rose
4578,train,40,lenten rose
4579,train,40,lenten rose
4580,train,40,lenten rose
4581,train,40,lenten rose
4582,train,40,lenten rose
4583,train,40,lenten rose
4584,train,40,lenten rose
4585,train,40,lenten rose
4586,train,40,lenten rose
4587,train,40,lenten rose
4588,train,40,lenten rose
4589,train,40,lenten rose
4591,train,40,lenten rose
4592,train,40,lenten rose
4594,train,40,lenten rose
4595,train,40,lenten rose
4597,train,40,lenten rose
4599,train,40,lenten rose
4600,train,40,lenten rose
4601,train,40,lenten rose
4602,train,40,lenten rose
4603,train,40,lenten rose
4604,train,40,lenten rose
4605,train,40,lenten rose
4607,train,40,lenten rose
4608,train,40,lenten rose
4609,train,40,lenten rose
4610,train,40,lenten rose
4611,train,40,lenten rose
4612,train,40,lenten rose
4613,train,40,lenten rose
4614,train,40,lenten rose
4615,train,40,lenten rose
4617,train,40,lenten rose
4618,train,40,lenten rose
4619,train,40,lenten rose
4620,train,40,lenten rose
4621,train,40,lenten rose
4622,train,40,lenten rose
4623,train,40,lenten rose
4624,train,40,lenten rose
2189,train,41,barbeton daisy
2191,train,41,barbeton daisy
2192,train,41,barbeton daisy
2193,train,41,barbeton daisy
2194,train,41,barbeton daisy
2195,train,41,barbeton daisy
2196,train,41,barbeton daisy
2197,train,41,barbeton daisy
2198,train,41,barbeton daisy
2199,train,41,barbeton daisy
2200,train,41,barbeton daisy
2201,train,41,barbeton daisy
2203,train,41,barbeton daisy
2205,train,41,barbeton daisy
2206,train,41,barbeton daisy
2207,train,41,barbeton daisy
2208,train,41,barbeton daisy
2209,train,41,barbeton daisy
2212,train,41,barbeton daisy
2213,train,41,barbeton daisy
2214,train,41,barbeton daisy
2215,train,41,barbeton daisy
2216,train,41,barbeton daisy
2217,train,41,barbeton daisy
2218,train,41,barbeton daisy
2219,train,41,barbeton daisy
2222,train,41,barbeton daisy
2223,train,41,barbeton daisy
2225,train,41,barbeton daisy
2227,train,41,barbeton daisy
2228,train,41,barbeton daisy
2229,train,41,barbeton daisy
2230,train,41,barbeton daisy
2231,train,41,barbeton daisy
2232,train,41,barbeton daisy
2233,train,41,barbeton daisy
2234,train,41,barbeton daisy
2235,train,41,barbeton daisy
2236,train,41,barbeton daisy
2237,train,41,barbeton daisy
2238,train,41,barbeton daisy
2239,train,41,barbeton daisy
2240,train,41,barbeton daisy
2241,train,41,barbeton daisy
2242,train,41,barbeton daisy
2243,train,41,barbeton daisy
2244,train,41,barbeton daisy
2245,train,41,barbeton daisy
2246,train,41,barbeton daisy
2247,train,41,barbeton daisy
2248,train,41,barbeton daisy
2249,train,41,barbeton daisy
2250,train,41,barbeton daisy
2251,train,41,barbeton daisy
2252,train,41,barbeton daisy
2255,train,41,barbeton daisy
2256,train,41,barbeton daisy
2257,train,41,barbeton daisy
2259,train,41,barbeton daisy
2262,train,41,barbeton daisy
2265,train,41,barbeton daisy
2266,train,41,barbeton daisy
2267,train,41,barbeton daisy
2268,train,41,barbeton daisy
2269,train,41,barbeton daisy
2271,train,41,barbeton daisy
2274,train,41,barbeton daisy
2275,train,41,barbeton daisy
2276,train,41,barbeton daisy
2277,train,41,barbeton daisy
2278,train,41,barbeton daisy
2280,train,41,barbeton daisy
2281,train,41,barbeton daisy
2282,train,41,barbeton daisy
2283,train,41,barbeton daisy
2284,train,41,barbeton daisy
2287,train,41,barbeton daisy
2288,train,41,barbeton daisy
2289,train,41,barbeton daisy
2290,train,41,barbeton daisy
2292,train,41,barbeton daisy
2294,train,41,barbeton daisy
2295,train,41,barbeton daisy
2296,train,41,barbeton daisy
2298,train,41,barbeton daisy
2299,train,41,barbeton daisy
2300,train,41,barbeton daisy
2301,train,41,barbeton daisy
2302,train,41,barbeton daisy
2303,train,41,barbeton daisy
2304,train,41,barbeton daisy
2306,train,41,barbeton daisy
2307,train,41,barbeton daisy
2308,train,41,barbeton daisy
2309,train,41,barbeton daisy
2310,train,41,barbeton daisy
2311,train,41,barbeton daisy
2312,train,41,barbeton daisy
2313,train,41,barbeton daisy
2314,train,41,barbeton daisy
2315,train,41,barbeton daisy
5685,train,42,daffodil
5686,train,42,daffodil
5687,train,42,daffodil
5689,train,42,daffodil
5690,train,42,daffodil
5692,train,42,daffodil
5693,train,42,daffodil
5694,train,42,daffodil
5695,train,42,daffodil
5696,train,42,daffodil
5697,train,42,daffodil
5698,train,42,daffodil
5699,train,42,daffodil
5702,train,42,daffodil
5703,train,42,daffodil
5704,train,42,daffodil
5705,train,42,daffodil
5706,train,42,daffodil
5707,train,42,daffodil
5708,train,42,daffodil
5709,train,42,daffodil
5710,train,42,daffodil
5711,train,42,daffodil
5712,train,42,daffodil
5713,train,42,daffodil
5714,train,42,daffodil
5715,train,42,daffodil
5716,train,42,daffodil
5718,train,42,daffodil
5719,train,42,daffodil
5720,train,42,daffodil
5722,train,42,daffodil
5725,train,42,daffodil
5726,train,42,daffodil
5727,train,42,daffodil
5728,train,42,daffodil
5729,train,42,daffodil
5730,train,42,daffodil
5731,train,42,daffodil
5732,train,42,daffodil
5733,train,42,daffodil
5734,train,42,daffodil
5737,train,42,daffodil
5739,train,42,daffodil
5740,train,42,daffodil
5742,train,42,daffodil
5743,train,42,daffodil
2318,train,43,sword lily
2319,train,43,sword lily
2320,train,43,sword lily
2321,train,43,sword lily
2322,train,43,sword lily
2323,train,43,sword lily
2326,train,43,sword lily
2327,train,43,sword lily
2329,train,43,sword lily
2330,train,43,sword lily
2331,train,43,sword lily
2333,train,43,sword lily
2334,train,43,sword lily
2335,train,43,sword lily
2337,train,43,sword lily
2338,train,43,sword lily
2339,train,43,sword lily
2340,train,43,sword lily
2341,train,43,sword lily
2342,train,43,sword lily
2343,train,43,sword lily
2345,train,43,sword lily
2346,train,43,sword lily
2347,train,43,sword lily
2348,train,43,sword lily
2349,train,43,sword lily
2350,train,43,sword lily
2351,train,43,sword lily
2352,train,43,sword lily
2354,train,43,sword lily
2355,train,43,sword lily
2358,train,43,sword lily
2359,train,43,sword lily
2360,train,43,sword lily
2361,train,43,sword lily
2362,train,43,sword lily
2364,train,43,sword lily
2365,train,43,sword lily
2366,train,43,sword lily
2368,train,43,sword lily
2369,train,43,sword lily
2370,train,43,sword lily
2371,train,43,sword lily
2372,train,43,sword lily
2373,train,43,sword lily
2374,train,43,sword lily
2376,train,43,sword lily
2377,train,43,sword lily
2378,train,43,sword lily
2380,train,43,sword lily
2381,train,43,sword lily
2382,train,43,sword lily
2383,train,43,sword lily
2384,train,43,sword lily
2385,train,43,sword lily
2386,train,43,sword lily
2387,train,43,sword lily
2388,train,43,sword lily
2389,train,43,sword lily
2390,train,43,sword lily
2391,train,43,sword lily
2392,train,43,sword lily
2393,train,43,sword lily
2394,train,43,sword lily
2395,train,43,sword lily
2396,train,43,sword lily
2398,train,43,sword lily
2399,train,43,sword lily
2400,train,43,sword lily
2401,train,43,sword lily
2402,train,43,sword lily
2403,train,43,sword lily
2404,train,43,sword lily
2405,train,43,sword lily
2406,train,43,sword lily
2407,train,43,sword lily
2409,train,43,sword lily
2410,train,43,sword lily
2411,train,43,sword lily
2413,train,43,sword lily
2415,train,43,sword lily
2416,train,43,sword lily
2417,train,43,sword lily
2418,train,43,sword lily
2421,train,43,sword lily
2422,train,43,sword lily
2423,train,43,sword lily
2424,train,43,sword lily
2425,train,43,sword lily
2426,train,43,sword lily
2429,train,43,sword lily
2430,train,43,sword lily
2431,train,43,sword lily
2432,train,43,sword lily
2433,train,43,sword lily
2434,train,43,sword lily
2435,train,43,sword lily
2437,train,43,sword lily
2439,train,43,sword lily
2440,train,43,sword lily
2442,train,43,sword lily
2443,train,43,sword lily
2444,train,43,sword lily
2445,train,43,sword lily
1491,train,44,poinsettia
1493,train,44,poinsettia
1494,train,44,poinsettia
1495,train,44,poinsettia
1496,train,44,poinsettia
1499,train,44,poinsettia
1500,train,44,poinsettia
1501,train,44,poinsettia
1504,train,44,poinsettia
1505,train,44,poinsettia
1506,train,44,poinsettia
1507,train,44,poinsettia
1509,train,44,poinsettia
1510,train,44,poinsettia
1514,train,44,poinsettia
1515,train,44,poinsettia
1516,train,44,poinsettia
1517,train,44,poinsettia
1518,train,44,poinsettia
1520,train,44,poinsettia
1521,train,44,poinsettia
1523,train,44,poinsettia
1524,train,44,poinsettia
1525,train,44,poinsettia
1526,train,44,poinsettia
1527,train,44,poinsettia
1528,train,44,poinsettia
1530,train,44,poinsettia
1531,train,44,poinsettia
1532,train,44,poinsettia
1533,train,44,poinsettia
1534,train,44,poinsettia
1535,train,44,poinsettia
1538,train,44,poinsettia
1539,train,44,poinsettia
1540,train,44,poinsettia
1541,train,44,poinsettia
1542,train,44,poinsettia
1543,train,44,poinsettia
1544,train,44,poinsettia
1545,train,44,poinsettia
1546,train,44,poinsettia
1547,train,44,poinsettia
1548,train,44,poinsettia
1549,train,44,poinsettia
1550,train,44,poinsettia
1551,train,44,poinsettia
1552,train,44,poinsettia
1553,train,44,poinsettia
1554,train,44,poinsettia
1555,train,44,poinsettia
1556,train,44,poinsettia
1557,train,44,poinsettia
1558,train,44,poinsettia
1559,train,44,poinsettia
1560,train,44,poinsettia
1561,train,44,poinsettia
1562,train,44,poinsettia
1563,train,44,poinsettia
1564,train,44,poinsettia
1566,train,44,poinsettia
1567,train,44,poinsettia
1568,train,44,poinsettia
1570,train,44,poinsettia
1571,train,44,poinsettia
1572,train,44,poinsettia
1573,train,44,poinsettia
1574,train,44,poinsettia
1575,train,44,poinsettia
1578,train,44,poinsettia
1579,train,44,poinsettia
1580,train,44,poinsettia
1581,train,44,poinsettia
1582,train,44,poinsettia
7123,train,45,bolero deep blue
7124,train,45,bolero deep blue
7125,train,45,bolero deep blue
7126,train,45,bolero deep blue
7127,train,45,bolero deep blue
7128,train,45,bolero deep blue
7129,train,45,bolero deep blue
7130,train,45,bolero deep blue
7131,train,45,bolero deep blue
7133,train,45,bolero deep blue
7134,train,45,bolero deep blue
7135,train,45,bolero deep blue
7136,train,45,bolero deep blue
7137,train,45,bolero deep blue
7138,train,45,bolero deep blue
7139,train,45,bolero deep blue
7140,train,45,bolero deep blue
7141,train,45,bolero deep blue
7144,train,45,bolero deep blue
7145,train,45,bolero deep blue
7147,train,45,bolero deep blue
7149,train,45,bolero deep blue
7150,train,45,bolero deep blue
7151,train,45,bolero deep blue
7152,train,45,bolero deep blue
7153,train,45,bolero deep blue
7154,train,45,bolero deep blue
7155,train,45,bolero deep blue
7156,train,45,bolero deep blue
7158,train,45,bolero deep blue
7160,train,45,bolero deep blue
8098,train,45,bolero deep blue
947,train,46,wallflower
948,train,46,wallflower
951,train,46,wallflower
952,train,46,wallflower
953,train,46,wallflower
954,train,46,wallflower
955,train,46,wallflower
956,train,46,wallflower
957,train,46,wallflower
958,train,46,wallflower
959,train,46,wallflower
960,train,46,wallflower
961,train,46,wallflower
962,train,46,wallflower
963,train,46,wallflower
964,train,46,wallflower
966,train,46,wallflower
967,train,46,wallflower
968,train,46,wallflower
969,train,46,wallflower
970,train,46,wallflower
971,train,46,wallflower
972,train,46,wallflower
973,train,46,wallflower
974,train,46,wallflower
975,train,46,wallflower
976,train,46,wallflower
977,train,46,wallflower
978,train,46,wallflower
979,train,46,wallflower
980,train,46,wallflower
981,train,46,wallflower
982,train,46,wallflower
983,train,46,wallflower
984,train,46,wallflower
985,train,46,wallflower
986,train,46,wallflower
987,train,46,wallflower
988,train,46,wallflower
989,train,46,wallflower
990,train,46,wallflower
992,train,46,wallflower
994,train,46,wallflower
995,train,46,wallflower
997,train,46,wallflower
998,train,46,wallflower
999,train,46,wallflower
1000,train,46,wallflower
1001,train,46,wallflower
1002,train,46,wallflower
1004,train,46,wallflower
1005,train,46,wallflower
1006,train,46,wallflower
1008,train,46,wallflower
1010,train,46,wallflower
1011,train,46,wallflower
1012,train,46,wallflower
1013,train,46,wallflower
1014,train,46,wallflower
1016,train,46,wallflower
1017,train,46,wallflower
1018,train,46,wallflower
1019,train,46,wallflower
1020,train,46,wallflower
1022,train,46,wallflower
1023,train,46,wallflower
1025,train,46,wallflower
1026,train,46,wallflower
1027,train,46,wallflower
1028,train,46,wallflower
1029,train,46,wallflower
1030,train,46,wallflower
1031,train,46,wallflower
1032,train,46,wallflower
1033,train,46,wallflower
1034,train,46,wallflower
1035,train,46,wallflower
1037,train,46,wallflower
1038,train,46,wallflower
1039,train,46,wallflower
1041,train,46,wallflower
1042,train,46,wallflower
1043,train,46,wallflower
1044,train,46,wallflower
1045,train,46,wallflower
1047,train,46,wallflower
1048,train,46,wallflower
1050,train,46,wallflower
1051,train,46,wallflower
1052,train,46,wallflower
1054,train,46,wallflower
1055,train,46,wallflower
1056,train,46,wallflower
1057,train,46,wallflower
1058,train,46,wallflower
1060,train,46,wallflower
1061,train,46,wallflower
1065,train,46,wallflower
1066,train,46,wallflower
1067,train,46,wallflower
1068,train,46,wallflower
1069,train,46,wallflower
1071,train,46,wallflower
1072,train,46,wallflower
1073,train,46,wallflower
1074,train,46,wallflower
1075,train,46,wallflower
1076,train,46,wallflower
1077,train,46,wallflower
1078,train,46,wallflower
1079,train,46,wallflower
1080,train,46,wallflower
1081,train,46,wallflower
1082,train,46,wallflower
1085,train,46,wallflower
1086,train,46,wallflower
1087,train,46,wallflower
1088,train,46,wallflower
1093,train,46,wallflower
1095,train,46,wallflower
1096,train,46,wallflower
1097,train,46,wallflower
1098,train,46,wallflower
1099,train,46,wallflower
1100,train,46,wallflower
1101,train,46,wallflower
1102,train,46,wallflower
1103,train,46,wallflower
1104,train,46,wallflower
1106,train,46,wallflower
1108,train,46,wallflower
1109,train,46,wallflower
1110,train,46,wallflower
1111,train,46,wallflower
1112,train,46,wallflower
1113,train,46,wallflower
1114,train,46,wallflower
1115,train,46,wallflower
1116,train,46,wallflower
1117,train,46,wallflower
1118,train,46,wallflower
1120,train,46,wallflower
1121,train,46,wallflower
1123,train,46,wallflower
1124,train,46,wallflower
1125,train,46,wallflower
1126,train,46,wallflower
1128,train,46,wallflower
1130,train,46,wallflower
1131,train,46,wallflower
1132,train,46,wallflower
1135,train,46,wallflower
1137,train,46,wallflower
1139,train,46,wallflower
1140,train,46,wallflower
1141,train,46,wallflower
1142,train,46,wallflower
4953,train,47,marigold
4956,train,47,marigold
4957,train,47,marigold
4958,train,47,marigold
4959,train,47,marigold
4961,train,47,marigold
4962,train,47,marigold
4963,train,47,marigold
4964,train,47,marigold
4965,train,47,marigold
4966,train,47,marigold
4967,train,47,marigold
4968,train,47,marigold
4969,train,47,marigold
4970,train,47,marigold
4971,train,47,marigold
4972,train,47,marigold
4973,train,47,marigold
4974,train,47,marigold
4975,train,47,marigold
4976,train,47,marigold
4979,train,47,marigold
4981,train,47,marigold
4982,train,47,marigold
4983,train,47,marigold
4984,train,47,marigold
4986,train,47,marigold
4987,train,47,marigold
4988,train,47,marigold
4989,train,47,marigold
4990,train,47,marigold
4991,train,47,marigold
4993,train,47,marigold
4995,train,47,marigold
4997,train,47,marigold
4998,train,47,marigold
4999,train,47,marigold
5000,train,47,marigold
5002,train,47,marigold
5003,train,47,marigold
5004,train,47,marigold
5005,train,47,marigold
5006,train,47,marigold
5007,train,47,marigold
5009,train,47,marigold
5011,train,47,marigold
5012,train,47,marigold
5013,train,47,marigold
5014,train,47,marigold
5015,train,47,marigold
5016,train,47,marigold
5017,train,47,marigold
5018,train,47,marigold
5019,train,47,marigold
4626,train,48,buttercup
4627,train,48,buttercup
4629,train,48,buttercup
4630,train,48,buttercup
4631,train,48,buttercup
4632,train,48,buttercup
4633,train,48,buttercup
4634,train,48,buttercup
4636,train,48,buttercup
4638,train,48,buttercup
4639,train,48,buttercup
4641,train,48,buttercup
4642,train,48,buttercup
4643,train,48,buttercup
4644,train,48,buttercup
4646,train,48,buttercup
4647,train,48,buttercup
4648,train,48,buttercup
4649,train,48,buttercup
4650,train,48,buttercup
4651,train,48,buttercup
4653,train,48,buttercup
4656,train,48,buttercup
4657,train,48,buttercup
4659,train,48,buttercup
4660,train,48,buttercup
4661,train,48,buttercup
4663,train,48,buttercup
4664,train,48,buttercup
4665,train,48,buttercup
4666,train,48,buttercup
4667,train,48,buttercup
4668,train,48,buttercup
4669,train,48,buttercup
4671,train,48,buttercup
4672,train,48,buttercup
4673,train,48,buttercup
4674,train,48,buttercup
4675,train,48,buttercup
4676,train,48,buttercup
4677,train,48,buttercup
4678,train,48,buttercup
4679,train,48,buttercup
4680,train,48,buttercup
4681,train,48,buttercup
4683,train,48,buttercup
4684,train,48,buttercup
4685,train,48,buttercup
4686,train,48,buttercup
4688,train,48,buttercup
4689,train,48,buttercup
4690,train,48,buttercup
4691,train,48,buttercup
4692,train,48,buttercup
4693,train,48,buttercup
4694,train,48,buttercup
4695,train,48,buttercup
6199,train,49,oxeye daisy
6202,train,49,oxeye daisy
6204,train,49,oxeye daisy
6207,train,49,oxeye daisy
6208,train,49,oxeye daisy
6209,train,49,oxeye daisy
6210,train,49,oxeye daisy
6211,train,49,oxeye daisy
6212,train,49,oxeye daisy
6213,train,49,oxeye daisy
6214,train,49,oxeye daisy
6215,train,49,oxeye daisy
6216,train,49,oxeye daisy
6218,train,49,oxeye daisy
6219,train,49,oxeye daisy
6221,train,49,oxeye daisy
6223,train,49,oxeye daisy
6224,train,49,oxeye daisy
6225,train,49,oxeye daisy
6226,train,49,oxeye daisy
6227,train,49,oxeye daisy
6228,train,49,oxeye daisy
6229,train,49,oxeye daisy
6230,train,49,oxeye daisy
6231,train,49,oxeye daisy
6232,train,49,oxeye daisy
6233,train,49,oxeye daisy
6234,train,49,oxeye daisy
6236,train,49,oxeye daisy
6237,train,49,oxeye daisy
6238,train,49,oxeye daisy
6239,train,49,oxeye daisy
6240,train,49,oxeye daisy
6241,train,49,oxeye daisy
6242,train,49,oxeye daisy
6243,train,49,oxeye daisy
6244,train,49,oxeye daisy
6245,train,49,oxeye daisy
6246,train,49,oxeye daisy
6297,train,50,common dandelion
6298,train,50,common dandelion
6300,train,50,common dandelion
6301,train,50,common dandelion
6302,train,50,common dandelion
6303,train,50,common dandelion
6304,train,50,common dandelion
6305,train,50,common dandelion
6306,train,50,common dandelion
6307,train,50,common dandelion
6308,train,50,common dandelion
6309,train,50,common dandelion
6311,train,50,common dandelion
6312,train,50,common dandelion
6313,train,50,common dandelion
6314,train,50,common dandelion
6316,train,50,common dandelion
6317,train,50,common dandelion
6318,train,50,common dandelion
6319,train,50,common dandelion
6320,train,50,common dandelion
6321,train,50,common dandelion
6322,train,50,common dandelion
6323,train,50,common dandelion
6325,train,50,common dandelion
6326,train,50,common dandelion
6327,train,50,common dandelion
6328,train,50,common dandelion
6329,train,50,common dandelion
6330,train,50,common dandelion
6331,train,50,common dandelion
6333,train,50,common dandelion
6335,train,50,common dandelion
6336,train,50,common dandelion
6337,train,50,common dandelion
6339,train,50,common dandelion
6340,train,50,common dandelion
6342,train,50,common dandelion
6344,train,50,common dandelion
6345,train,50,common dandelion
6528,train,50,common dandelion
6529,train,50,common dandelion
6530,train,50,common dandelion
6532,train,50,common dandelion
6533,train,50,common dandelion
6534,train,50,common dandelion
6535,train,50,common dandelion
6536,train,50,common dandelion
6537,train,50,common dandelion
6538,train,50,common dandelion
6540,train,50,common dandelion
6542,train,50,common dandelion
6543,train,50,common dandelion
6544,train,50,common dandelion
6545,train,50,common dandelion
6546,train,50,common dandelion
6547,train,50,common dandelion
6548,train,50,common dandelion
6550,train,50,common dandelion
6552,train,50,common dandelion
6553,train,50,common dandelion
6554,train,50,common dandelion
6555,train,50,common dandelion
6557,train,50,common dandelion
6558,train,50,common dandelion
6559,train,50,common dandelion
6560,train,50,common dandelion
6561,train,50,common dandelion
6563,train,50,common dandelion
6564,train,50,common dandelion
6565,train,50,common dandelion
6566,train,50,common dandelion
6569,train,50,common dandelion
6570,train,50,common dandelion
1314,train,51,petunia
1315,train,51,petunia
1316,train,51,petunia
1317,train,51,petunia
1318,train,51,petunia
1320,train,51,petunia
1321,train,51,petunia
1322,train,51,petunia
1323,train,51,petunia
1324,train,51,petunia
1326,train,51,petunia
1327,train,51,petunia
1328,train,51,petunia
1329,train,51,petunia
1330,train,51,petunia
1331,train,51,petunia
1332,train,51,petunia
1333,train,51,petunia
1334,train,51,petunia
1335,train,51,petunia
1336,train,51,petunia
1337,train,51,petunia
1338,train,51,petunia
1339,train,51,petunia
1341,train,51,petunia
1342,train,51,petunia
1343,train,51,petunia
1344,train,51,petunia
1345,train,51,petunia
1346,train,51,petunia
1347,train,51,petunia
1349,train,51,petunia
1350,train,51,petunia
1351,train,51,petunia
1353,train,51,petunia
1354,train,51,petunia
1355,train,51,petunia
1357,train,51,petunia
1358,train,51,petunia
1360,train,51,petunia
1361,train,51,petunia
1363,train,51,petunia
1364,train,51,petunia
1365,train,51,petunia
1366,train,51,petunia
1368,train,51,petunia
1370,train,51,petunia
1371,train,51,petunia
1372,train,51,petunia
1373,train,51,petunia
1376,train,51,petunia
1377,train,51,petunia
1378,train,51,petunia
1379,train,51,petunia
1380,train,51,petunia
1381,train,51,petunia
1382,train,51,petunia
1383,train,51,petunia
1384,train,51,petunia
1386,train,51,petunia
1387,train,51,petunia
1388,train,51,petunia
1389,train,51,petunia
1390,train,51,petunia
1391,train,51,petunia
1392,train,51,petunia
1393,train,51,petunia
1394,train,51,petunia
1395,train,51,petunia
1396,train,51,petunia
1399,train,51,petunia
1401,train,51,petunia
1402,train,51,petunia
1404,train,51,petunia
1405,train,51,petunia
1407,train,51,petunia
1408,train,51,petunia
1409,train,51,petunia
1411,train,51,petunia
1413,train,51,petunia
1414,train,51,petunia
1415,train,51,petunia
1416,train,51,petunia
1417,train,51,petunia
1418,train,51,petunia
1421,train,51,petunia
1423,train,51,petunia
1424,train,51,petunia
1425,train,51,petunia
1427,train,51,petunia
1428,train,51,petunia
1429,train,51,petunia
1430,train,51,petunia
1431,train,51,petunia
1432,train,51,petunia
1433,train,51,petunia
1434,train,51,petunia
1435,train,51,petunia
1436,train,51,petunia
1438,train,51,petunia
1440,train,51,petunia
1441,train,51,petunia
1442,train,51,petunia
1443,train,51,petunia
1444,train,51,petunia
1445,train,51,petunia
1446,train,51,petunia
1447,train,51,petunia
1448,train,51,petunia
1450,train,51,petunia
1451,train,51,petunia
1452,train,51,petunia
1453,train,51,petunia
1456,train,51,petunia
1457,train,51,petunia
1459,train,51,petunia
1460,train,51,petunia
1462,train,51,petunia
1463,train,51,petunia
1464,train,51,petunia
1465,train,51,petunia
1467,train,51,petunia
1468,train,51,petunia
1469,train,51,petunia
1470,train,51,petunia
1471,train,51,petunia
1472,train,51,petunia
1473,train,51,petunia
1474,train,51,petunia
1476,train,51,petunia
1477,train,51,petunia
1478,train,51,petunia
1480,train,51,petunia
1482,train,51,petunia
1483,train,51,petunia
1484,train,51,petunia
1485,train,51,petunia
1486,train,51,petunia
1487,train,51,petunia
1488,train,51,petunia
3913,train,51,petunia
3914,train,51,petunia
3915,train,51,petunia
3916,train,51,petunia
3917,train,51,petunia
3918,train,51,petunia
3919,train,51,petunia
3921,train,51,petunia
3922,train,51,petunia
3923,train,51,petunia
3926,train,51,petunia
3929,train,51,petunia
3930,train,51,petunia
3931,train,51,petunia
3932,train,51,petunia
3933,train,51,petunia
3934,train,51,petunia
3935,train,51,petunia
3936,train,51,petunia
3937,train,51,petunia
3938,train,51,petunia
3939,train,51,petunia
3940,train,51,petunia
3941,train,51,petunia
3942,train,51,petunia
3943,train,51,petunia
3944,train,51,petunia
3947,train,51,petunia
3948,train,51,petunia
3950,train,51,petunia
3951,train,51,petunia
3952,train,51,petunia
3954,train,51,petunia
3955,train,51,petunia
3956,train,51,petunia
3957,train,51,petunia
3958,train,51,petunia
3959,train,51,petunia
3960,train,51,petunia
3961,train,51,petunia
3962,train,51,petunia
3964,train,51,petunia
3965,train,51,petunia
3966,train,51,petunia
3967,train,51,petunia
3968,train,51,petunia
3969,train,51,petunia
3970,train,51,petunia
3971,train,51,petunia
3972,train,51,petunia
3973,train,51,petunia
3974,train,51,petunia
3977,train,51,petunia
3979,train,51,petunia
3980,train,51,petunia
3981,train,51,petunia
3982,train,51,petunia
3983,train,51,petunia
3984,train,51,petunia
3985,train,51,petunia
3986,train,51,petunia
3987,train,51,petunia
3989,train,51,petunia
3990,train,51,petunia
3991,train,51,petunia
3993,train,51,petunia
4160,train,52,wild pansy
4161,train,52,wild pansy
4162,train,52,wild pansy
4163,train,52,wild pansy
4164,train,52,wild pansy
4165,train,52,wild pansy
4167,train,52,wild pansy
4168,train,52,wild pansy
4170,train,52,wild pansy
4172,train,52,wild pansy
4173,train,52,wild pansy
4174,train,52,wild pansy
4176,train,52,wild pansy
4178,train,52,wild pansy
4180,train,52,wild pansy
4181,train,52,wild pansy
4183,train,52,wild pansy
4184,train,52,wild pansy
4185,train,52,wild pansy
4186,train,52,wild pansy
4187,train,52,wild pansy
4188,train,52,wild pansy
4189,train,52,wild pansy
4190,train,52,wild pansy
4191,train,52,wild pansy
4192,train,52,wild pansy
4193,train,52,wild pansy
4194,train,52,wild pansy
4196,train,52,wild pansy
4197,train,52,wild pansy
4198,train,52,wild pansy
4199,train,52,wild pansy
4200,train,52,wild pansy
4201,train,52,wild pansy
4203,train,52,wild pansy
4205,train,52,wild pansy
4206,train,52,wild pansy
4207,train,52,wild pansy
4208,train,52,wild pansy
4210,train,52,wild pansy
4211,train,52,wild pansy
4212,train,52,wild pansy
4213,train,52,wild pansy
4214,train,52,wild pansy
4215,train,52,wild pansy
4216,train,52,wild pansy
4217,train,52,wild pansy
4218,train,52,wild pansy
4219,train,52,wild pansy
4220,train,52,wild pansy
4222,train,52,wild pansy
4223,train,52,wild pansy
4224,train,52,wild pansy
4225,train,52,wild pansy
4227,train,52,wild pansy
4228,train,52,wild pansy
4229,train,52,wild pansy
4230,train,52,wild pansy
4231,train,52,wild pansy
4232,train,52,wild pansy
4233,train,52,wild pansy
4234,train,52,wild pansy
4236,train,52,wild pansy
4237,train,52,wild pansy
4238,train,52,wild pansy
4240,train,52,wild pansy
4241,train,52,wild pansy
4242,train,52,wild pansy
3641,train,53,primula
3642,train,53,primula
3643,train,53,primula
3644,train,53,primula
3645,train,53,primula
3646,train,53,primula
3647,train,53,primula
3648,train,53,primula
3649,train,53,primula
3651,train,53,primula
3652,train,53,primula
3653,train,53,primula
3654,train,53,primula
3655,train,53,primula
3656,train,53,primula
3657,train,53,primula
3658,train,53,primula
3659,train,53,primula
3660,train,53,primula
3663,train,53,primula
3665,train,53,primula
3666,train,53,primula
3667,train,53,primula
3668,train,53,primula
3669,train,53,primula
3670,train,53,primula
3672,train,53,primula
3673,train,53,primula
3674,train,53,primula
3676,train,53,primula
3677,train,53,primula
3678,train,53,primula
3679,train,53,primula
3680,train,53,primula
3684,train,53,primula
3685,train,53,primula
3686,train,53,primula
3688,train,53,primula
3689,train,53,primula
3690,train,53,primula
3691,train,53,primula
3692,train,53,primula
3693,train,53,primula
3695,train,53,primula
3696,train,53,primula
3697,train,53,primula
3698,train,53,primula
3699,train,53,primula
3700,train,53,primula
3702,train,53,primula
3703,train,53,primula
3705,train,53,primula
3708,train,53,primula
3709,train,53,primula
3710,train,53,primula
3711,train,53,primula
3712,train,53,primula
3713,train,53,primula
3714,train,53,primula
3715,train,53,primula
3717,train,53,primula
3718,train,53,primula
3719,train,53,primula
3721,train,53,primula
3722,train,53,primula
3723,train,53,primula
3724,train,53,primula
3725,train,53,primula
3727,train,53,primula
3728,train,53,primula
3729,train,53,primula
3731,train,53,primula
3732,train,53,primula
3733,train,53,primula
5400,train,54,sunflower
5401,train,54,sunflower
5402,train,54,sunflower
5403,train,54,sunflower
5404,train,54,sunflower
5405,train,54,sunflower
5406,train,54,sunflower
5407,train,54,sunflower
5408,train,54,sunflower
5409,train,54,sunflower
5410,train,54,sunflower
5412,train,54,sunflower
5413,train,54,sunflower
5414,train,54,sunflower
5416,train,54,sunflower
5418,train,54,sunflower
5420,train,54,sunflower
5421,train,54,sunflower
5422,train,54,sunflower
5424,train,54,sunflower
5425,train,54,sunflower
5426,train,54,sunflower
5427,train,54,sunflower
5429,train,54,sunflower
5430,train,54,sunflower
5431,train,54,sunflower
5432,train,54,sunflower
5433,train,54,sunflower
5434,train,54,sunflower
5435,train,54,sunflower
5436,train,54,sunflower
5438,train,54,sunflower
5440,train,54,sunflower
5441,train,54,sunflower
5442,train,54,sunflower
5443,train,54,sunflower
5444,train,54,sunflower
5445,train,54,sunflower
5446,train,54,sunflower
5447,train,54,sunflower
5448,train,54,sunflower
5449,train,54,sunflower
5452,train,54,sunflower
5453,train,54,sunflower
5454,train,54,sunflower
5455,train,54,sunflower
5456,train,54,sunflower
5457,train,54,sunflower
5458,train,54,sunflower
4696,train,55,pelargonium
4697,train,55,pelargonium
4698,train,55,pelargonium
4700,train,55,pelargonium
4701,train,55,pelargonium
4702,train,55,pelargonium
4703,train,55,pelargonium
4705,train,55,pelargonium
4707,train,55,pelargonium
4708,train,55,pelargonium
4709,train,55,pelargonium
4711,train,55,pelargonium
4712,train,55,pelargonium
4715,train,55,pelargonium
4716,train,55,pelargonium
4717,train,55,pelargonium
4718,train,55,pelargonium
4719,train,55,pelargonium
4720,train,55,pelargonium
4721,train,55,pelargonium
4725,train,55,pelargonium
4726,train,55,pelargonium
4727,train,55,pelargonium
4728,train,55,pelargonium
4730,train,55,pelargonium
4732,train,55,pelargonium
4733,train,55,pelargonium
4734,train,55,pelargonium
4735,train,55,pelargonium
4736,train,55,pelargonium
4737,train,55,pelargonium
4738,train,55,pelargonium
4740,train,55,pelargonium
4741,train,55,pelargonium
4742,train,55,pelargonium
4743,train,55,pelargonium
4744,train,55,pelargonium
4745,train,55,pelargonium
4746,train,55,pelargonium
4747,train,55,pelargonium
4748,train,55,pelargonium
4749,train,55,pelargonium
4750,train,55,pelargonium
4751,train,55,pelargonium
4752,train,55,pelargonium
4753,train,55,pelargonium
4754,train,55,pelargonium
4755,train,55,pelargonium
4756,train,55,pelargonium
4757,train,55,pelargonium
4758,train,55,pelargonium
4761,train,55,pelargonium
4762,train,55,pelargonium
4763,train,55,pelargonium
4764,train,55,pelargonium
4765,train,55,pelargonium
4766,train,55,pelargonium
2753,train,56,bishop of llandaff
2754,train,56,bishop of llandaff
2756,train,56,bishop of llandaff
2757,train,56,bishop of llandaff
2758,train,56,bishop of llandaff
2762,train,56,bishop of llandaff
2763,train,56,bishop of llandaff
2764,train,56,bishop of llandaff
2765,train,56,bishop of llandaff
2766,train,56,bishop of llandaff
2767,train,56,bishop of llandaff
2769,train,56,bishop of llandaff
2771,train,56,bishop of llandaff
2772,train,56,bishop of llandaff
2773,train,56,bishop of llandaff
2774,train,56,bishop of llandaff
2775,train,56,bishop of llandaff
2776,train,56,bishop of llandaff
2777,train,56,bishop of llandaff
2778,train,56,bishop of llandaff
2779,train,56,bishop of llandaff
2781,train,56,bishop of llandaff
2782,train,56,bishop of llandaff
2783,train,56,bishop of llandaff
2784,train,56,bishop of llandaff
2785,train,56,bishop of llandaff
2787,train,56,bishop of llandaff
2789,train,56,bishop of llandaff
2791,train,56,bishop of llandaff
2792,train,56,bishop of llandaff
2793,train,56,bishop of llandaff
2794,train,56,bishop of llandaff
2795,train,56,bishop of llandaff
2796,train,56,bishop of llandaff
2798,train,56,bishop of llandaff
2799,train,56,bishop of llandaff
2800,train,56,bishop of llandaff
2801,train,56,bishop of llandaff
2802,train,56,bishop of llandaff
2803,train,56,bishop of llandaff
2804,train,56,bishop of llandaff
2805,train,56,bishop of llandaff
2807,train,56,bishop of llandaff
2809,train,56,bishop of llandaff
2810,train,56,bishop of llandaff
2811,train,56,bishop of llandaff
2812,train,56,bishop of llandaff
2813,train,56,bishop of llandaff
2814,train,56,bishop of llandaff
2815,train,56,bishop of llandaff
2816,train,56,bishop of llandaff
2817,train,56,bishop of llandaff
2818,train,56,bishop of llandaff
2819,train,56,bishop of llandaff
2820,train,56,bishop of llandaff
2821,train,56,bishop of llandaff
2823,train,56,bishop of llandaff
2824,train,56,bishop of llandaff
2826,train,56,bishop of llandaff
2828,train,56,bishop of llandaff
2829,train,56,bishop of llandaff
2830,train,56,bishop of llandaff
2831,train,56,bishop of llandaff
2832,train,56,bishop of llandaff
2833,train,56,bishop of llandaff
2834,train,56,bishop of llandaff
2835,train,56,bishop of llandaff
2836,train,56,bishop of llandaff
2837,train,56,bishop of llandaff
2841,train,56,bishop of llandaff
2842,train,56,bishop of llandaff
2843,train,56,bishop of llandaff
2844,train,56,bishop of llandaff
2845,train,56,bishop of llandaff
2846,train,56,bishop of llandaff
2847,train,56,bishop of llandaff
2848,train,56,bishop of llandaff
2850,train,56,bishop of llandaff
2851,train,56,bishop of llandaff
2853,train,56,bishop of llandaff
2854,train,56,bishop of llandaff
2855,train,56,bishop of llandaff
2856,train,56,bishop of llandaff
2857,train,56,bishop of llandaff
2858,train,56,bishop of llandaff
2859,train,56,bishop of llandaff
2861,train,56,bishop of llandaff
7234,train,57,gaura
7235,train,57,gaura
7236,train,57,gaura
7239,train,57,gaura
7240,train,57,gaura
7241,train,57,gaura
7243,train,57,gaura
7244,train,57,gaura
7245,train,57,gaura
7246,train,57,gaura
7247,train,57,gaura
7248,train,57,gaura
7249,train,57,gaura
7250,train,57,gaura
7251,train,57,gaura
7252,train,57,gaura
7254,train,57,gaura
7255,train,57,gaura
7256,train,57,gaura
7257,train,57,gaura
7258,train,57,gaura
7260,train,57,gaura
7263,train,57,gaura
7264,train,57,gaura
7266,train,57,gaura
7267,train,57,gaura
8118,train,57,gaura
8119,train,57,gaura
8120,train,57,gaura
8121,train,57,gaura
8122,train,57,gaura
8124,train,57,gaura
8125,train,57,gaura
8126,train,57,gaura
8128,train,57,gaura
8129,train,57,gaura
8130,train,57,gaura
8131,train,57,gaura
8132,train,57,gaura
8133,train,57,gaura
8134,train,57,gaura
8135,train,57,gaura
8136,train,57,gaura
8137,train,57,gaura
8140,train,57,gaura
8141,train,57,gaura
8142,train,57,gaura
8143,train,57,gaura
8144,train,57,gaura
8145,train,57,gaura
8146,train,57,gaura
8148,train,57,gaura
8149,train,57,gaura
8150,train,57,gaura
2639,train,58,geranium
2640,train,58,geranium
2642,train,58,geranium
2643,train,58,geranium
2645,train,58,geranium
2647,train,58,geranium
2648,train,58,geranium
2649,train,58,geranium
2650,train,58,geranium
2652,train,58,geranium
2653,train,58,geranium
2654,train,58,geranium
2655,train,58,geranium
2656,train,58,geranium
2657,train,58,geranium
2658,train,58,geranium
2659,train,58,geranium
2660,train,58,geranium
2661,train,58,geranium
2662,train,58,geranium
2663,train,58,geranium
2664,train,58,geranium
2665,train,58,geranium
2666,train,58,geranium
2667,train,58,geranium
2668,train,58,geranium
2669,train,58,geranium
2670,train,58,geranium
2672,train,58,geranium
2673,train,58,geranium
2674,train,58,geranium
2675,train,58,geranium
2677,train,58,geranium
2678,train,58,geranium
2679,train,58,geranium
2680,train,58,geranium
2681,train,58,geranium
2683,train,58,geranium
2685,train,58,geranium
2686,train,58,geranium
2687,train,58,geranium
2688,train,58,geranium
2689,train,58,geranium
2690,train,58,geranium
2691,train,58,geranium
2692,train,58,geranium
2693,train,58,geranium
2694,train,58,geranium
2695,train,58,geranium
2696,train,58,geranium
2697,train,58,geranium
2698,train,58,geranium
2699,train,58,geranium
2701,train,58,geranium
2702,train,58,geranium
2703,train,58,geranium
2704,train,58,geranium
2705,train,58,geranium
2706,train,58,geranium
2708,train,58,geranium
2709,train,58,geranium
2710,train,58,geranium
2711,train,58,geranium
2714,train,58,geranium
2717,train,58,geranium
2718,train,58,geranium
2721,train,58,geranium
2722,train,58,geranium
2723,train,58,geranium
2725,train,58,geranium
2726,train,58,geranium
2727,train,58,geranium
2728,train,58,geranium
2729,train,58,geranium
2730,train,58,geranium
2734,train,58,geranium
2735,train,58,geranium
2736,train,58,geranium
2737,train,58,geranium
2738,train,58,geranium
2739,train,58,geranium
2741,train,58,geranium
2742,train,58,geranium
2743,train,58,geranium
2744,train,58,geranium
2745,train,58,geranium
2746,train,58,geranium
2747,train,58,geranium
2748,train,58,geranium
2750,train,58,geranium
2752,train,58,geranium
5021,train,59,orange dahlia
5022,train,59,orange dahlia
5023,train,59,orange dahlia
5024,train,59,orange dahlia
5025,train,59,orange dahlia
5026,train,59,orange dahlia
5027,train,59,orange dahlia
5028,train,59,orange dahlia
5031,train,59,orange dahlia
5032,train,59,orange dahlia
5033,train,59,orange dahlia
5034,train,59,orange dahlia
5035,train,59,orange dahlia
5036,train,59,orange dahlia
5037,train,59,orange dahlia
5038,train,59,orange dahlia
5040,train,59,orange dahlia
5041,train,59,orange dahlia
5043,train,59,orange dahlia
5044,train,59,orange dahlia
5046,train,59,orange dahlia
5047,train,59,orange dahlia
5048,train,59,orange dahlia
5049,train,59,orange dahlia
5050,train,59,orange dahlia
5051,train,59,orange dahlia
5052,train,59,orange dahlia
5053,train,59,orange dahlia
5054,train,59,orange dahlia
5055,train,59,orange dahlia
5056,train,59,orange dahlia
5057,train,59,orange dahlia
5058,train,59,orange dahlia
5059,train,59,orange dahlia
5061,train,59,orange dahlia
5062,train,59,orange dahlia
5063,train,59,orange dahlia
5065,train,59,orange dahlia
5066,train,59,orange dahlia
5067,train,59,orange dahlia
5068,train,59,orange dahlia
5069,train,59,orange dahlia
5070,train,59,orange dahlia
5073,train,59,orange dahlia
5074,train,59,orange dahlia
5076,train,59,orange dahlia
5078,train,59,orange dahlia
5079,train,59,orange dahlia
5080,train,59,orange dahlia
5081,train,59,orange dahlia
5082,train,59,orange dahlia
5083,train,59,orange dahlia
5085,train,59,orange dahlia
5086,train,59,orange dahlia
2920,train,60,pink-yellow dahlia
2921,train,60,pink-yellow dahlia
2922,train,60,pink-yellow dahlia
2924,train,60,pink-yellow dahlia
2925,train,60,pink-yellow dahlia
2926,train,60,pink-yellow dahlia
2927,train,60,pink-yellow dahlia
2928,train,60,pink-yellow dahlia
2930,train,60,pink-yellow dahlia
2931,train,60,pink-yellow dahlia
2932,train,60,pink-yellow dahlia
2933,train,60,pink-yellow dahlia
2934,train,60,pink-yellow dahlia
2935,train,60,pink-yellow dahlia
2936,train,60,pink-yellow dahlia
2937,train,60,pink-yellow dahlia
2938,train,60,pink-yellow dahlia
2939,train,60,pink-yellow dahlia
2940,train,60,pink-yellow dahlia
2941,train,60,pink-yellow dahlia
2944,train,60,pink-yellow dahlia
2945,train,60,pink-yellow dahlia
2946,train,60,pink-yellow dahlia
2947,train,60,pink-yellow dahlia
2948,train,60,pink-yellow dahlia
2949,train,60,pink-yellow dahlia
2950,train,60,pink-yellow dahlia
2951,train,60,pink-yellow dahlia
2952,train,60,pink-yellow dahlia
2954,train,60,pink-yellow dahlia
2955,train,60,pink-yellow dahlia
2956,train,60,pink-yellow dahlia
2957,train,60,pink-yellow dahlia
2958,train,60,pink-yellow dahlia
2961,train,60,pink-yellow dahlia
2962,train,60,pink-yellow dahlia
2963,train,60,pink-yellow dahlia
2964,train,60,pink-yellow dahlia
2965,train,60,pink-yellow dahlia
2966,train,60,pink-yellow dahlia
2967,train,60,pink-yellow dahlia
2969,train,60,pink-yellow dahlia
2970,train,60,pink-yellow dahlia
2971,train,60,pink-yellow dahlia
2974,train,60,pink-yellow dahlia
2975,train,60,pink-yellow dahlia
2977,train,60,pink-yellow dahlia
2978,train,60,pink-yellow dahlia
2980,train,60,pink-yellow dahlia
2982,train,60,pink-yellow dahlia
2983,train,60,pink-yellow dahlia
2984,train,60,pink-yellow dahlia
2985,train,60,pink-yellow dahlia
2987,train,60,pink-yellow dahlia
2990,train,60,pink-yellow dahlia
2991,train,60,pink-yellow dahlia
2992,train,60,pink-yellow dahlia
2993,train,60,pink-yellow dahlia
2994,train,60,pink-yellow dahlia
2995,train,60,pink-yellow dahlia
2996,train,60,pink-yellow dahlia
2997,train,60,pink-yellow dahlia
2998,train,60,pink-yellow dahlia
2999,train,60,pink-yellow dahlia
3000,train,60,pink-yellow dahlia
3001,train,60,pink-yellow dahlia
3002,train,60,pink-yellow dahlia
3003,train,60,pink-yellow dahlia
3004,train,60,pink-yellow dahlia
3005,train,60,pink-yellow dahlia
3007,train,60,pink-yellow dahlia
3008,train,60,pink-yellow dahlia
3009,train,60,pink-yellow dahlia
3010,train,60,pink-yellow dahlia
3011,train,60,pink-yellow dahlia
3012,train,60,pink-yellow dahlia
3015,train,60,pink-yellow dahlia
3016,train,60,pink-yellow dahlia
3017,train,60,pink-yellow dahlia
3018,train,60,pink-yellow dahlia
3019,train,60,pink-yellow dahlia
3021,train,60,pink-yellow dahlia
3022,train,60,pink-yellow dahlia
3024,train,60,pink-yellow dahlia
3026,train,60,pink-yellow dahlia
3027,train,60,pink-yellow dahlia
3028,train,60,pink-yellow dahlia
6247,train,61,cautleya spicata
6248,train,61,cautleya spicata
6249,train,61,cautleya spicata
6251,train,61,cautleya spicata
6252,train,61,cautleya spicata
6253,train,61,cautleya spicata
6254,train,61,cautleya spicata
6255,train,61,cautleya spicata
6256,train,61,cautleya spicata
6257,train,61,cautleya spicata
6258,train,61,cautleya spicata
6259,train,61,cautleya spicata
6261,train,61,cautleya spicata
6262,train,61,cautleya spicata
6263,train,61,cautleya spicata
6266,train,61,cautleya spicata
6267,train,61,cautleya spicata
6268,train,61,cautleya spicata
6269,train,61,cautleya spicata
6270,train,61,cautleya spicata
6271,train,61,cautleya spicata
6272,train,61,cautleya spicata
6273,train,61,cautleya spicata
6274,train,61,cautleya spicata
6275,train,61,cautleya spicata
6276,train,61,cautleya spicata
6277,train,61,cautleya spicata
6280,train,61,cautleya spicata
6282,train,61,cautleya spicata
6283,train,61,cautleya spicata
6284,train,61,cautleya spicata
6285,train,61,cautleya spicata
6287,train,61,cautleya spicata
6288,train,61,cautleya spicata
6290,train,61,cautleya spicata
6291,train,61,cautleya spicata
6292,train,61,cautleya spicata
6293,train,61,cautleya spicata
6294,train,61,cautleya spicata
6295,train,61,cautleya spicata
7268,train,62,japanese anemone
7269,train,62,japanese anemone
7271,train,62,japanese anemone
7272,train,62,japanese anemone
7273,train,62,japanese anemone
7274,train,62,japanese anemone
7276,train,62,japanese anemone
7277,train,62,japanese anemone
7280,train,62,japanese anemone
7281,train,62,japanese anemone
7282,train,62,japanese anemone
8151,train,62,japanese anemone
8154,train,62,japanese anemone
8155,train,62,japanese anemone
8156,train,62,japanese anemone
8157,train,62,japanese anemone
8158,train,62,japanese anemone
8159,train,62,japanese anemone
8160,train,62,japanese anemone
8161,train,62,japanese anemone
8162,train,62,japanese anemone
8163,train,62,japanese anemone
8164,train,62,japanese anemone
8165,train,62,japanese anemone
8166,train,62,japanese anemone
8168,train,62,japanese anemone
8169,train,62,japanese anemone
8170,train,62,japanese anemone
8171,train,62,japanese anemone
8172,train,62,japanese anemone
8173,train,62,japanese anemone
8174,train,62,japanese anemone
8175,train,62,japanese anemone
8176,train,62,japanese anemone
8177,train,62,japanese anemone
8178,train,62,japanese anemone
8179,train,62,japanese anemone
8180,train,62,japanese anemone
8181,train,62,japanese anemone
8182,train,62,japanese anemone
8183,train,62,japanese anemone
8185,train,62,japanese anemone
8187,train,62,japanese anemone
8188,train,62,japanese anemone
5849,train,63,black-eyed susan
5850,train,63,black-eyed susan
5852,train,63,black-eyed susan
5853,train,63,black-eyed susan
5854,train,63,black-eyed susan
5856,train,63,black-eyed susan
5857,train,63,black-eyed susan
5859,train,63,black-eyed susan
5861,train,63,black-eyed susan
5862,train,63,black-eyed susan
5863,train,63,black-eyed susan
5864,train,63,black-eyed susan
5865,train,63,black-eyed susan
5866,train,63,black-eyed susan
5867,train,63,black-eyed susan
5869,train,63,black-eyed susan
5870,train,63,black-eyed susan
5871,train,63,black-eyed susan
5872,train,63,black-eyed susan
5874,train,63,black-eyed susan
5876,train,63,black-eyed susan
5877,train,63,black-eyed susan
5878,train,63,black-eyed susan
5879,train,63,black-eyed susan
5880,train,63,black-eyed susan
5881,train,63,black-eyed susan
5883,train,63,black-eyed susan
5884,train,63,black-eyed susan
5885,train,63,black-eyed susan
5886,train,63,black-eyed susan
5887,train,63,black-eyed susan
5888,train,63,black-eyed susan
5890,train,63,black-eyed susan
5891,train,63,black-eyed susan
5892,train,63,black-eyed susan
5893,train,63,black-eyed susan
5894,train,63,black-eyed susan
5895,train,63,black-eyed susan
5896,train,63,black-eyed susan
5898,train,63,black-eyed susan
5899,train,63,black-eyed susan
5901,train,63,black-eyed susan
5902,train,63,black-eyed susan
6097,train,64,silverbush
6098,train,64,silverbush
6099,train,64,silverbush
6100,train,64,silverbush
6101,train,64,silverbush
6102,train,64,silverbush
6103,train,64,silverbush
6104,train,64,silverbush
6105,train,64,silverbush
6106,train,64,silverbush
6107,train,64,silverbush
6108,train,64,silverbush
6109,train,64,silverbush
6110,train,64,silverbush
6111,train,64,silverbush
6112,train,64,silverbush
6113,train,64,silverbush
6114,train,64,silverbush
6115,train,64,silverbush
6116,train,64,silverbush
6119,train,64,silverbush
6120,train,64,silverbush
6122,train,64,silverbush
6123,train,64,silverbush
6125,train,64,silverbush
6127,train,64,silverbush
6128,train,64,silverbush
6129,train,64,silverbush
6131,train,64,silverbush
6133,train,64,silverbush
6134,train,64,silverbush
6135,train,64,silverbush
6136,train,64,silverbush
6137,train,64,silverbush
6138,train,64,silverbush
6139,train,64,silverbush
6140,train,64,silverbush
6141,train,64,silverbush
6142,train,64,silverbush
6143,train,64,silverbush
6145,train,64,silverbush
6146,train,64,silverbush
3182,train,65,californian poppy
3183,train,65,californian poppy
3184,train,65,californian poppy
3185,train,65,californian poppy
3186,train,65,californian poppy
3187,train,65,californian poppy
3188,train,65,californian poppy
3189,train,65,californian poppy
3190,train,65,californian poppy
3191,train,65,californian poppy
3192,train,65,californian poppy
3193,train,65,californian poppy
3194,train,65,californian poppy
3195,train,65,californian poppy
3196,train,65,californian poppy
3198,train,65,californian poppy
3199,train,65,californian poppy
3200,train,65,californian poppy
3201,train,65,californian poppy
3202,train,65,californian poppy
3203,train,65,californian poppy
3205,train,65,californian poppy
3206,train,65,californian poppy
3207,train,65,californian poppy
3208,train,65,californian poppy
3209,train,65,californian poppy
3210,train,65,californian poppy
3211,train,65,californian poppy
3212,train,65,californian poppy
3213,train,65,californian poppy
3216,train,65,californian poppy
3217,train,65,californian poppy
3218,train,65,californian poppy
3219,train,65,californian poppy
3220,train,65,californian poppy
3222,train,65,californian poppy
3223,train,65,californian poppy
3225,train,65,californian poppy
3226,train,65,californian poppy
3227,train,65,californian poppy
3230,train,65,californian poppy
3232,train,65,californian poppy
3234,train,65,californian poppy
3235,train,65,californian poppy
3236,train,65,californian poppy
3237,train,65,californian poppy
3238,train,65,californian poppy
3240,train,65,californian poppy
3241,train,65,californian poppy
3245,train,65,californian poppy
3246,train,65,californian poppy
3247,train,65,californian poppy
3249,train,65,californian poppy
3251,train,65,californian poppy
3252,train,65,californian poppy
3253,train,65,californian poppy
3254,train,65,californian poppy
3255,train,65,californian poppy
3257,train,65,californian poppy
3258,train,65,californian poppy
3259,train,65,californian poppy
3260,train,65,californian poppy
3261,train,65,californian poppy
3262,train,65,californian poppy
3263,train,65,californian poppy
3264,train,65,californian poppy
3265,train,65,californian poppy
3266,train,65,californian poppy
3267,train,65,californian poppy
3268,train,65,californian poppy
3269,train,65,californian poppy
3270,train,65,californian poppy
3271,train,65,californian poppy
3273,train,65,californian poppy
3274,train,65,californian poppy
3275,train,65,californian poppy
3276,train,65,californian poppy
3279,train,65,californian poppy
3280,train,65,californian poppy
3281,train,65,californian poppy
3282,train,65,californian poppy
3283,train,65,californian poppy
5523,train,66,osteospermum
5524,train,66,osteospermum
5525,train,66,osteospermum
5526,train,66,osteospermum
5528,train,66,osteospermum
5529,train,66,osteospermum
5530,train,66,osteospermum
5531,train,66,osteospermum
5532,train,66,osteospermum
5533,train,66,osteospermum
5534,train,66,osteospermum
5535,train,66,osteospermum
5536,train,66,osteospermum
5537,train,66,osteospermum
5538,train,66,osteospermum
5539,train,66,osteospermum
5540,train,66,osteospermum
5541,train,66,osteospermum
5542,train,66,osteospermum
5543,train,66,osteospermum
5544,train,66,osteospermum
5545,train,66,osteospermum
5546,train,66,osteospermum
5547,train,66,osteospermum
5548,train,66,osteospermum
5549,train,66,osteospermum
5550,train,66,osteospermum
5551,train,66,osteospermum
5552,train,66,osteospermum
5553,train,66,osteospermum
5555,train,66,osteospermum
5556,train,66,osteospermum
5557,train,66,osteospermum
5559,train,66,osteospermum
5560,train,66,osteospermum
5562,train,66,osteospermum
5563,train,66,osteospermum
5565,train,66,osteospermum
5566,train,66,osteospermum
5567,train,66,osteospermum
5569,train,66,osteospermum
5570,train,66,osteospermum
5572,train,66,osteospermum
5573,train,66,osteospermum
5574,train,66,osteospermum
5576,train,66,osteospermum
5578,train,66,osteospermum
5579,train,66,osteospermum
5580,train,66,osteospermum
7046,train,67,spring crocus
7047,train,67,spring crocus
7048,train,67,spring crocus
7049,train,67,spring crocus
7050,train,67,spring crocus
7051,train,67,spring crocus
7052,train,67,spring crocus
7053,train,67,spring crocus
7055,train,67,spring crocus
7057,train,67,spring crocus
7058,train,67,spring crocus
7061,train,67,spring crocus
7062,train,67,spring crocus
7063,train,67,spring crocus
7065,train,67,spring crocus
7066,train,67,spring crocus
7067,train,67,spring crocus
7068,train,67,spring crocus
7069,train,67,spring crocus
7070,train,67,spring crocus
7071,train,67,spring crocus
7072,train,67,spring crocus
7074,train,67,spring crocus
7075,train,67,spring crocus
7076,train,67,spring crocus
7077,train,67,spring crocus
7078,train,67,spring crocus
7080,train,67,spring crocus
7082,train,67,spring crocus
7083,train,67,spring crocus
7084,train,67,spring crocus
7085,train,67,spring crocus
8078,train,67,spring crocus
8079,train,67,spring crocus
5904,train,68,bearded iris
5906,train,68,bearded iris
5907,train,68,bearded iris
5908,train,68,bearded iris
5910,train,68,bearded iris
5911,train,68,bearded iris
5912,train,68,bearded iris
5913,train,68,bearded iris
5914,train,68,bearded iris
5915,train,68,bearded iris
5916,train,68,bearded iris
5918,train,68,bearded iris
5920,train,68,bearded iris
5921,train,68,bearded iris
5922,train,68,bearded iris
5923,train,68,bearded iris
5924,train,68,bearded iris
5925,train,68,bearded iris
5926,train,68,bearded iris
5928,train,68,bearded iris
5929,train,68,bearded iris
5930,train,68,bearded iris
5931,train,68,bearded iris
5932,train,68,bearded iris
5933,train,68,bearded iris
5934,train,68,bearded iris
5935,train,68,bearded iris
5936,train,68,bearded iris
5937,train,68,bearded iris
5938,train,68,bearded iris
5939,train,68,bearded iris
5940,train,68,bearded iris
5942,train,68,bearded iris
5943,train,68,bearded iris
5944,train,68,bearded iris
5946,train,68,bearded iris
5947,train,68,bearded iris
5948,train,68,bearded iris
5949,train,68,bearded iris
5950,train,68,bearded iris
5952,train,68,bearded iris
5953,train,68,bearded iris
5955,train,68,bearded iris
5957,train,69,windflower
5959,train,69,windflower
5960,train,69,windflower
5961,train,69,windflower
5962,train,69,windflower
5963,train,69,windflower
5964,train,69,windflower
5965,train,69,windflower
5966,train,69,windflower
5967,train,69,windflower
5968,train,69,windflower
5970,train,69,windflower
5972,train,69,windflower
5973,train,69,windflower
5975,train,69,windflower
5977,train,69,windflower
5978,train,69,windflower
5979,train,69,windflower
5980,train,69,windflower
5981,train,69,windflower
5982,train,69,windflower
5983,train,69,windflower
5985,train,69,windflower
5986,train,69,windflower
5987,train,69,windflower
5988,train,69,windflower
5989,train,69,windflower
5990,train,69,windflower
5991,train,69,windflower
5993,train,69,windflower
5994,train,69,windflower
5995,train,69,windflower
5996,train,69,windflower
5997,train,69,windflower
5998,train,69,windflower
5999,train,69,windflower
6000,train,69,windflower
6002,train,69,windflower
6003,train,69,windflower
6004,train,69,windflower
6007,train,69,windflower
6008,train,69,windflower
6010,train,69,windflower
5278,train,70,tree poppy
5279,train,70,tree poppy
5281,train,70,tree poppy
5282,train,70,tree poppy
5284,train,70,tree poppy
5285,train,70,tree poppy
5286,train,70,tree poppy
5287,train,70,tree poppy
5288,train,70,tree poppy
5289,train,70,tree poppy
5290,train,70,tree poppy
5291,train,70,tree poppy
5292,train,70,tree poppy
5295,train,70,tree poppy
5296,train,70,tree poppy
5297,train,70,tree poppy
5299,train,70,tree poppy
5301,train,70,tree poppy
5302,train,70,tree poppy
5304,train,70,tree poppy
5307,train,70,tree poppy
5309,train,70,tree poppy
5310,train,70,tree poppy
5311,train,70,tree poppy
5312,train,70,tree poppy
5314,train,70,tree poppy
5315,train,70,tree poppy
5316,train,70,tree poppy
5317,train,70,tree poppy
5318,train,70,tree poppy
5319,train,70,tree poppy
5320,train,70,tree poppy
5321,train,70,tree poppy
5322,train,70,tree poppy
5323,train,70,tree poppy
5324,train,70,tree poppy
5325,train,70,tree poppy
5326,train,70,tree poppy
5327,train,70,tree poppy
5328,train,70,tree poppy
5329,train,70,tree poppy
5330,train,70,tree poppy
5331,train,70,tree poppy
5332,train,70,tree poppy
5333,train,70,tree poppy
5334,train,70,tree poppy
5336,train,70,tree poppy
5337,train,70,tree poppy
5338,train,70,tree poppy
5339,train,70,tree poppy
4482,train,71,gazania
4483,train,71,gazania
4484,train,71,gazania
4486,train,71,gazania
4487,train,71,gazania
4489,train,71,gazania
4490,train,71,gazania
4491,train,71,gazania
4492,train,71,gazania
4493,train,71,gazania
4494,train,71,gazania
4495,train,71,gazania
4496,train,71,gazania
4497,train,71,gazania
4498,train,71,gazania
4499,train,71,gazania
4500,train,71,gazania
4503,train,71,gazania
4504,train,71,gazania
4505,train,71,gazania
4506,train,71,gazania
4507,train,71,gazania
4509,train,71,gazania
4510,train,71,gazania
4511,train,71,gazania
4512,train,71,gazania
4514,train,71,gazania
4516,train,71,gazania
4518,train,71,gazania
4519,train,71,gazania
4520,train,71,gazania
4521,train,71,gazania
4522,train,71,gazania
4523,train,71,gazania
4524,train,71,gazania
4525,train,71,gazania
4527,train,71,gazania
4529,train,71,gazania
4531,train,71,gazania
4532,train,71,gazania
4533,train,71,gazania
4534,train,71,gazania
4535,train,71,gazania
4536,train,71,gazania
4537,train,71,gazania
4538,train,71,gazania
4539,train,71,gazania
4541,train,71,gazania
4542,train,71,gazania
4544,train,71,gazania
4545,train,71,gazania
4546,train,71,gazania
4547,train,71,gazania
4548,train,71,gazania
4549,train,71,gazania
4551,train,71,gazania
4552,train,71,gazania
4553,train,71,gazania
4554,train,71,gazania
4555,train,71,gazania
4557,train,71,gazania
8089,train,71,gazania
3545,train,72,azalea
3546,train,72,azalea
3547,train,72,azalea
3548,train,72,azalea
3550,train,72,azalea
3551,train,72,azalea
3552,train,72,azalea
3553,train,72,azalea
3554,train,72,azalea
3556,train,72,azalea
3557,train,72,azalea
3558,train,72,azalea
3559,train,72,azalea
3560,train,72,azalea
3561,train,72,azalea
3562,train,72,azalea
3565,train,72,azalea
3566,train,72,azalea
3567,train,72,azalea
3570,train,72,azalea
3571,train,72,azalea
3573,train,72,azalea
3574,train,72,azalea
3575,train,72,azalea
3576,train,72,azalea
3577,train,72,azalea
3578,train,72,azalea
3579,train,72,azalea
3580,train,72,azalea
3581,train,72,azalea
3582,train,72,azalea
3583,train,72,azalea
3584,train,72,azalea
3585,train,72,azalea
3586,train,72,azalea
3588,train,72,azalea
3589,train,72,azalea
3590,train,72,azalea
3591,train,72,azalea
3593,train,72,azalea
3594,train,72,azalea
3596,train,72,azalea
3597,train,72,azalea
3598,train,72,azalea
3600,train,72,azalea
3601,train,72,azalea
3602,train,72,azalea
3604,train,72,azalea
3606,train,72,azalea
3608,train,72,azalea
3609,train,72,azalea
3611,train,72,azalea
3612,train,72,azalea
3614,train,72,azalea
3615,train,72,azalea
3616,train,72,azalea
3617,train,72,azalea
3619,train,72,azalea
3620,train,72,azalea
3621,train,72,azalea
3622,train,72,azalea
3623,train,72,azalea
3624,train,72,azalea
3625,train,72,azalea
3626,train,72,azalea
3628,train,72,azalea
3629,train,72,azalea
3630,train,72,azalea
3631,train,72,azalea
3632,train,72,azalea
3633,train,72,azalea
3634,train,72,azalea
3635,train,72,azalea
3636,train,72,azalea
3637,train,72,azalea
3638,train,72,azalea
3640,train,72,azalea
252,train,73,water lily
253,train,73,water lily
254,train,73,water lily
255,train,73,water lily
256,train,73,water lily
257,train,73,water lily
260,train,73,water lily
261,train,73,water lily
264,train,73,water lily
265,train,73,water lily
266,train,73,water lily
267,train,73,water lily
269,train,73,water lily
270,train,73,water lily
272,train,73,water lily
273,train,73,water lily
274,train,73,water lily
275,train,73,water lily
276,train,73,water lily
277,train,73,water lily
278,train,73,water lily
279,train,73,water lily
280,train,73,water lily
281,train,73,water lily
282,train,73,water lily
283,train,73,water lily
284,train,73,water lily
286,train,73,water lily
287,train,73,water lily
289,train,73,water lily
290,train,73,water lily
291,train,73,water lily
292,train,73,water lily
294,train,73,water lily
295,train,73,water lily
297,train,73,water lily
298,train,73,water lily
299,train,73,water lily
300,train,73,water lily
302,train,73,water lily
303,train,73,water lily
305,train,73,water lily
306,train,73,water lily
307,train,73,water lily
310,train,73,water lily
311,train,73,water lily
312,train,73,water lily
314,train,73,water lily
316,train,73,water lily
317,train,73,water lily
318,train,73,water lily
319,train,73,water lily
320,train,73,water lily
321,train,73,water lily
323,train,73,water lily
325,train,73,water lily
326,train,73,water lily
327,train,73,water lily
328,train,73,water lily
329,train,73,water lily
330,train,73,water lily
331,train,73,water lily
332,train,73,water lily
333,train,73,water lily
334,train,73,water lily
335,train,73,water lily
336,train,73,water lily
337,train,73,water lily
338,train,73,water lily
340,train,73,water lily
341,train,73,water lily
342,train,73,water lily
343,train,73,water lily
344,train,73,water lily
347,train,73,water lily
348,train,73,water lily
350,train,73,water lily
351,train,73,water lily
352,train,73,water lily
353,train,73,water lily
354,train,73,water lily
355,train,73,water lily
356,train,73,water lily
357,train,73,water lily
358,train,73,water lily
360,train,73,water lily
362,train,73,water lily
363,train,73,water lily
364,train,73,water lily
365,train,73,water lily
366,train,73,water lily
367,train,73,water lily
369,train,73,water lily
371,train,73,water lily
372,train,73,water lily
373,train,73,water lily
374,train,73,water lily
376,train,73,water lily
377,train,73,water lily
378,train,73,water lily
379,train,73,water lily
380,train,73,water lily
381,train,73,water lily
382,train,73,water lily
383,train,73,water lily
384,train,73,water lily
385,train,73,water lily
386,train,73,water lily
387,train,73,water lily
388,train,73,water lily
389,train,73,water lily
390,train,73,water lily
391,train,73,water lily
392,train,73,water lily
393,train,73,water lily
394,train,73,water lily
395,train,73,water lily
396,train,73,water lily
397,train,73,water lily
399,train,73,water lily
400,train,73,water lily
401,train,73,water lily
402,train,73,water lily
403,train,73,water lily
404,train,73,water lily
405,train,73,water lily
407,train,73,water lily
409,train,73,water lily
410,train,73,water lily
411,train,73,water lily
412,train,73,water lily
413,train,73,water lily
415,train,73,water lily
416,train,73,water lily
417,train,73,water lily
418,train,73,water lily
419,train,73,water lily
420,train,73,water lily
421,train,73,water lily
422,train,73,water lily
423,train,73,water lily
424,train,73,water lily
426,train,73,water lily
428,train,73,water lily
429,train,73,water lily
433,train,73,water lily
434,train,73,water lily
436,train,73,water lily
437,train,73,water lily
439,train,73,water lily
440,train,73,water lily
441,train,73,water lily
442,train,73,water lily
443,train,73,water lily
444,train,73,water lily
1143,train,74,rose
1145,train,74,rose
1146,train,74,rose
1147,train,74,rose
1148,train,74,rose
1149,train,74,rose
1151,train,74,rose
1152,train,74,rose
1153,train,74,rose
1154,train,74,rose
1156,train,74,rose
1157,train,74,rose
1160,train,74,rose
1161,train,74,rose
1162,train,74,rose
1163,train,74,rose
1164,train,74,rose
1166,train,74,rose
1167,train,74,rose
1168,train,74,rose
1169,train,74,rose
1170,train,74,rose
1171,train,74,rose
1173,train,74,rose
1174,train,74,rose
1175,train,74,rose
1176,train,74,rose
1177,train,74,rose
1178,train,74,rose
1179,train,74,rose
1180,train,74,rose
1181,train,74,rose
1182,train,74,rose
1183,train,74,rose
1184,train,74,rose
1185,train,74,rose
1186,train,74,rose
1187,train,74,rose
1188,train,74,rose
1189,train,74,rose
1190,train,74,rose
1191,train,74,rose
1192,train,74,rose
1193,train,74,rose
1194,train,74,rose
1196,train,74,rose
1198,train,74,rose
1199,train,74,rose
1202,train,74,rose
1203,train,74,rose
1204,train,74,rose
1205,train,74,rose
1206,train,74,rose
1207,train,74,rose
1208,train,74,rose
1209,train,74,rose
1210,train,74,rose
1211,train,74,rose
1212,train,74,rose
1213,train,74,rose
1215,train,74,rose
1216,train,74,rose
1217,train,74,rose
1218,train,74,rose
1219,train,74,rose
1220,train,74,rose
1221,train,74,rose
1222,train,74,rose
1225,train,74,rose
1226,train,74,rose
1227,train,74,rose
1228,train,74,rose
1229,train,74,rose
1230,train,74,rose
1231,train,74,rose
1232,train,74,rose
1233,train,74,rose
1234,train,74,rose
1235,train,74,rose
1237,train,74,rose
1239,train,74,rose
1240,train,74,rose
1241,train,74,rose
1242,train,74,rose
1243,train,74,rose
1244,train,74,rose
1246,train,74,rose
1247,train,74,rose
1248,train,74,rose
1249,train,74,rose
1252,train,74,rose
1255,train,74,rose
1256,train,74,rose
1257,train,74,rose
1259,train,74,rose
1260,train,74,rose
1262,train,74,rose
1263,train,74,rose
1264,train,74,rose
1265,train,74,rose
1266,train,74,rose
1267,train,74,rose
1268,train,74,rose
1269,train,74,rose
1272,train,74,rose
1273,train,74,rose
1274,train,74,rose
1275,train,74,rose
1276,train,74,rose
1277,train,74,rose
1278,train,74,rose
1279,train,74,rose
1280,train,74,rose
1281,train,74,rose
1282,train,74,rose
1283,train,74,rose
1284,train,74,rose
1286,train,74,rose
1288,train,74,rose
1289,train,74,rose
1291,train,74,rose
1293,train,74,rose
1295,train,74,rose
1296,train,74,rose
1297,train,74,rose
1299,train,74,rose
1301,train,74,rose
1302,train,74,rose
1303,train,74,rose
1304,train,74,rose
1305,train,74,rose
1308,train,74,rose
1309,train,74,rose
1310,train,74,rose
1311,train,74,rose
1312,train,74,rose
1313,train,74,rose
2069,train,75,thorn apple
2070,train,75,thorn apple
2072,train,75,thorn apple
2074,train,75,thorn apple
2075,train,75,thorn apple
2076,train,75,thorn apple
2077,train,75,thorn apple
2078,train,75,thorn apple
2079,train,75,thorn apple
2080,train,75,thorn apple
2081,train,75,thorn apple
2082,train,75,thorn apple
2084,train,75,thorn apple
2085,train,75,thorn apple
2086,train,75,thorn apple
2087,train,75,thorn apple
2088,train,75,thorn apple
2090,train,75,thorn apple
2091,train,75,thorn apple
2092,train,75,thorn apple
2094,train,75,thorn apple
2095,train,75,thorn apple
2096,train,75,thorn apple
2097,train,75,thorn apple
2099,train,75,thorn apple
2100,train,75,thorn apple
2101,train,75,thorn apple
2102,train,75,thorn apple
2103,train,75,thorn apple
2104,train,75,thorn apple
2105,train,75,thorn apple
2107,train,75,thorn apple
2108,train,75,thorn apple
2109,train,75,thorn apple
2110,train,75,thorn apple
2111,train,75,thorn apple
2112,train,75,thorn apple
2113,train,75,thorn apple
2116,train,75,thorn apple
2118,train,75,thorn apple
2119,train,75,thorn apple
2121,train,75,thorn apple
2122,train,75,thorn apple
2123,train,75,thorn apple
2124,train,75,thorn apple
2125,train,75,thorn apple
2126,train,75,thorn apple
2127,train,75,thorn apple
2128,train,75,thorn apple
2129,train,75,thorn apple
2131,train,75,thorn apple
2132,train,75,thorn apple
2133,train,75,thorn apple
2134,train,75,thorn apple
2135,train,75,thorn apple
2137,train,75,thorn apple
2139,train,75,thorn apple
2140,train,75,thorn apple
2141,train,75,thorn apple
2142,train,75,thorn apple
2143,train,75,thorn apple
2144,train,75,thorn apple
2145,train,75,thorn apple
2146,train,75,thorn apple
2148,train,75,thorn apple
2149,train,75,thorn apple
2150,train,75,thorn apple
2151,train,75,thorn apple
2158,train,75,thorn apple
2160,train,75,thorn apple
2161,train,75,thorn apple
2162,train,75,thorn apple
2163,train,75,thorn apple
2164,train,75,thorn apple
2166,train,75,thorn apple
2167,train,75,thorn apple
2168,train,75,thorn apple
2169,train,75,thorn apple
2170,train,75,thorn apple
2171,train,75,thorn apple
2172,train,75,thorn apple
2173,train,75,thorn apple
2174,train,75,thorn apple
2175,train,75,thorn apple
2176,train,75,thorn apple
2177,train,75,thorn apple
2178,train,75,thorn apple
2179,train,75,thorn apple
2180,train,75,thorn apple
2181,train,75,thorn apple
2182,train,75,thorn apple
2183,train,75,thorn apple
2184,train,75,thorn apple
2185,train,75,thorn apple
2187,train,75,thorn apple
2188,train,75,thorn apple
2446,train,76,morning glory
2447,train,76,morning glory
2448,train,76,morning glory
2453,train,76,morning glory
2454,train,76,morning glory
2455,train,76,morning glory
2456,train,76,morning glory
2457,train,76,morning glory
2461,train,76,morning glory
2466,train,76,morning glory
2467,train,76,morning glory
2468,train,76,morning glory
2469,train,76,morning glory
2470,train,76,morning glory
2472,train,76,morning glory
2473,train,76,morning glory
2474,train,76,morning glory
2475,train,76,morning glory
2476,train,76,morning glory
2477,train,76,morning glory
2478,train,76,morning glory
2481,train,76,morning glory
2482,train,76,morning glory
2483,train,76,morning glory
2484,train,76,morning glory
2485,train,76,morning glory
2486,train,76,morning glory
2487,train,76,morning glory
2488,train,76,morning glory
2490,train,76,morning glory
2491,train,76,morning glory
2493,train,76,morning glory
2494,train,76,morning glory
2495,train,76,morning glory
2496,train,76,morning glory
2497,train,76,morning glory
2498,train,76,morning glory
2499,train,76,morning glory
2500,train,76,morning glory
2501,train,76,morning glory
2502,train,76,morning glory
2503,train,76,morning glory
2505,train,76,morning glory
2506,train,76,morning glory
2507,train,76,morning glory
2510,train,76,morning glory
2511,train,76,morning glory
2512,train,76,morning glory
2513,train,76,morning glory
2514,train,76,morning glory
2516,train,76,morning glory
2517,train,76,morning glory
2518,train,76,morning glory
2519,train,76,morning glory
2520,train,76,morning glory
2521,train,76,morning glory
2522,train,76,morning glory
2524,train,76,morning glory
2525,train,76,morning glory
2526,train,76,morning glory
2527,train,76,morning glory
2528,train,76,morning glory
2529,train,76,morning glory
2530,train,76,morning glory
2531,train,76,morning glory
2532,train,76,morning glory
2533,train,76,morning glory
2534,train,76,morning glory
2536,train,76,morning glory
2537,train,76,morning glory
2538,train,76,morning glory
2539,train,76,morning glory
2540,train,76,morning glory
2541,train,76,morning glory
2542,train,76,morning glory
2543,train,76,morning glory
2544,train,76,morning glory
2545,train,76,morning glory
2546,train,76,morning glory
2547,train,76,morning glory
2548,train,76,morning glory
2549,train,76,morning glory
2550,train,76,morning glory
2551,train,76,morning glory
2552,train,76,morning glory
1,train,77,passion flower
2,train,77,passion flower
4,train,77,passion flower
5,train,77,passion flower
6,train,77,passion flower
7,train,77,passion flower
8,train,77,passion flower
9,train,77,passion flower
12,train,77,passion flower
13,train,77,passion flower
15,train,77,passion flower
16,train,77,passion flower
17,train,77,passion flower
19,train,77,passion flower
20,train,77,passion flower
21,train,77,passion flower
24,train,77,passion flower
26,train,77,passion flower
27,train,77,passion flower
28,train,77,passion flower
29,train,77,passion flower
31,train,77,passion flower
32,train,77,passion flower
33,train,77,passion flower
34,train,77,passion flower
36,train,77,passion flower
37,train,77,passion flower
38,train,77,passion flower
39,train,77,passion flower
40,train,77,passion flower
41,train,77,passion flower
42,train,77,passion flower
43,train,77,passion flower
44,train,77,passion flower
45,train,77,passion flower
46,train,77,passion flower
49,train,77,passion flower
50,train,77,passion flower
51,train,77,passion flower
52,train,77,passion flower
53,train,77,passion flower
54,train,77,passion flower
55,train,77,passion flower
56,train,77,passion flower
57,train,77,passion flower
59,train,77,passion flower
61,train,77,passion flower
62,train,77,passion flower
63,train,77,passion flower
64,train,77,passion flower
65,train,77,passion flower
66,train,77,passion flower
67,train,77,passion flower
68,train,77,passion flower
70,train,77,passion flower
71,train,77,passion flower
72,train,77,passion flower
75,train,77,passion flower
77,train,77,passion flower
79,train,77,passion flower
80,train,77,passion flower
81,train,77,passion flower
82,train,77,passion flower
84,train,77,passion flower
85,train,77,passion flower
86,train,77,passion flower
88,train,77,passion flower
89,train,77,passion flower
90,train,77,passion flower
91,train,77,passion flower
92,train,77,passion flower
93,train,77,passion flower
95,train,77,passion flower
96,train,77,passion flower
97,train,77,passion flower
98,train,77,passion flower
100,train,77,passion flower
101,train,77,passion flower
102,train,77,passion flower
103,train,77,passion flower
104,train,77,passion flower
105,train,77,passion flower
106,train,77,passion flower
107,train,77,passion flower
108,train,77,passion flower
109,train,77,passion flower
110,train,77,passion flower
111,train,77,passion flower
114,train,77,passion flower
115,train,77,passion flower
117,train,77,passion flower
118,train,77,passion flower
120,train,77,passion flower
121,train,77,passion flower
122,train,77,passion flower
123,train,77,passion flower
124,train,77,passion flower
126,train,77,passion flower
128,train,77,passion flower
129,train,77,passion flower
130,train,77,passion flower
131,train,77,passion flower
132,train,77,passion flower
133,train,77,passion flower
134,train,77,passion flower
135,train,77,passion flower
136,train,77,passion flower
138,train,77,passion flower
139,train,77,passion flower
140,train,77,passion flower
141,train,77,passion flower
142,train,77,passion flower
143,train,77,passion flower
144,train,77,passion flower
145,train,77,passion flower
146,train,77,passion flower
147,train,77,passion flower
148,train,77,passion flower
149,train,77,passion flower
151,train,77,passion flower
152,train,77,passion flower
153,train,77,passion flower
154,train,77,passion flower
155,train,77,passion flower
157,train,77,passion flower
158,train,77,passion flower
159,train,77,passion flower
161,train,77,passion flower
162,train,77,passion flower
163,train,77,passion flower
164,train,77,passion flower
165,train,77,passion flower
166,train,77,passion flower
167,train,77,passion flower
168,train,77,passion flower
170,train,77,passion flower
171,train,77,passion flower
172,train,77,passion flower
173,train,77,passion flower
174,train,77,passion flower
176,train,77,passion flower
177,train,77,passion flower
178,train,77,passion flower
179,train,77,passion flower
180,train,77,passion flower
181,train,77,passion flower
182,train,77,passion flower
183,train,77,passion flower
184,train,77,passion flower
185,train,77,passion flower
186,train,77,passion flower
187,train,77,passion flower
188,train,77,passion flower
189,train,77,passion flower
190,train,77,passion flower
191,train,77,passion flower
192,train,77,passion flower
194,train,77,passion flower
195,train,77,passion flower
196,train,77,passion flower
197,train,77,passion flower
199,train,77,passion flower
200,train,77,passion flower
201,train,77,passion flower
203,train,77,passion flower
204,train,77,passion flower
207,train,77,passion flower
208,train,77,passion flower
209,train,77,passion flower
210,train,77,passion flower
211,train,77,passion flower
213,train,77,passion flower
216,train,77,passion flower
217,train,77,passion flower
219,train,77,passion flower
222,train,77,passion flower
223,train,77,passion flower
224,train,77,passion flower
226,train,77,passion flower
227,train,77,passion flower
228,train,77,passion flower
229,train,77,passion flower
230,train,77,passion flower
231,train,77,passion flower
232,train,77,passion flower
233,train,77,passion flower
235,train,77,passion flower
236,train,77,passion flower
237,train,77,passion flower
238,train,77,passion flower
239,train,77,passion flower
240,train,77,passion flower
241,train,77,passion flower
243,train,77,passion flower
244,train,77,passion flower
245,train,77,passion flower
246,train,77,passion flower
247,train,77,passion flower
249,train,77,passion flower
250,train,77,passion flower
251,train,77,passion flower
1827,train,78,lotus
1829,train,78,lotus
1830,train,78,lotus
1831,train,78,lotus
1832,train,78,lotus
1833,train,78,lotus
1834,train,78,lotus
1835,train,78,lotus
1837,train,78,lotus
1839,train,78,lotus
1840,train,78,lotus
1841,train,78,lotus
1842,train,78,lotus
1843,train,78,lotus
1844,train,78,lotus
1845,train,78,lotus
1847,train,78,lotus
1848,train,78,lotus
1849,train,78,lotus
1851,train,78,lotus
1852,train,78,lotus
1854,train,78,lotus
1855,train,78,lotus
1856,train,78,lotus
1858,train,78,lotus
1859,train,78,lotus
1860,train,78,lotus
1861,train,78,lotus
1863,train,78,lotus
1864,train,78,lotus
1866,train,78,lotus
1868,train,78,lotus
1869,train,78,lotus
1870,train,78,lotus
1871,train,78,lotus
1872,train,78,lotus
1873,train,78,lotus
1875,train,78,lotus
1876,train,78,lotus
1878,train,78,lotus
1879,train,78,lotus
1880,train,78,lotus
1881,train,78,lotus
1882,train,78,lotus
1884,train,78,lotus
1885,train,78,lotus
1887,train,78,lotus
1888,train,78,lotus
1889,train,78,lotus
1890,train,78,lotus
1893,train,78,lotus
1894,train,78,lotus
1895,train,78,lotus
1896,train,78,lotus
1897,train,78,lotus
1898,train,78,lotus
1900,train,78,lotus
1901,train,78,lotus
1903,train,78,lotus
1905,train,78,lotus
1907,train,78,lotus
1908,train,78,lotus
1909,train,78,lotus
1910,train,78,lotus
1911,train,78,lotus
1912,train,78,lotus
1913,train,78,lotus
1914,train,78,lotus
1917,train,78,lotus
1918,train,78,lotus
1919,train,78,lotus
1920,train,78,lotus
1921,train,78,lotus
1923,train,78,lotus
1925,train,78,lotus
1926,train,78,lotus
1927,train,78,lotus
1928,train,78,lotus
1929,train,78,lotus
1930,train,78,lotus
1931,train,78,lotus
1932,train,78,lotus
1933,train,78,lotus
1934,train,78,lotus
1935,train,78,lotus
1936,train,78,lotus
1937,train,78,lotus
1938,train,78,lotus
1939,train,78,lotus
1940,train,78,lotus
1941,train,78,lotus
1942,train,78,lotus
1943,train,78,lotus
1944,train,78,lotus
1945,train,78,lotus
1946,train,78,lotus
1948,train,78,lotus
1949,train,78,lotus
1950,train,78,lotus
1951,train,78,lotus
1952,train,78,lotus
1953,train,78,lotus
1954,train,78,lotus
1955,train,78,lotus
1956,train,78,lotus
1958,train,78,lotus
1960,train,78,lotus
1961,train,78,lotus
1962,train,78,lotus
6693,train,79,toad lily
6695,train,79,toad lily
6696,train,79,toad lily
6697,train,79,toad lily
6699,train,79,toad lily
6701,train,79,toad lily
6702,train,79,toad lily
6703,train,79,toad lily
6704,train,79,toad lily
6705,train,79,toad lily
6706,train,79,toad lily
6707,train,79,toad lily
6708,train,79,toad lily
6710,train,79,toad lily
6711,train,79,toad lily
6713,train,79,toad lily
6714,train,79,toad lily
6715,train,79,toad lily
6716,train,79,toad lily
6717,train,79,toad lily
6718,train,79,toad lily
6719,train,79,toad lily
6720,train,79,toad lily
6722,train,79,toad lily
6723,train,79,toad lily
6724,train,79,toad lily
6726,train,79,toad lily
6727,train,79,toad lily
6728,train,79,toad lily
6729,train,79,toad lily
6730,train,79,toad lily
6732,train,79,toad lily
6733,train,79,toad lily
1964,train,80,anthurium
1965,train,80,anthurium
1966,train,80,anthurium
1967,train,80,anthurium
1968,train,80,anthurium
1969,train,80,anthurium
1970,train,80,anthurium
1971,train,80,anthurium
1973,train,80,anthurium
1976,train,80,anthurium
1977,train,80,anthurium
1978,train,80,anthurium
1979,train,80,anthurium
1980,train,80,anthurium
1981,train,80,anthurium
1982,train,80,anthurium
1984,train,80,anthurium
1985,train,80,anthurium
1987,train,80,anthurium
1988,train,80,anthurium
1992,train,80,anthurium
1993,train,80,anthurium
1994,train,80,anthurium
1995,train,80,anthurium
1996,train,80,anthurium
1997,train,80,anthurium
1998,train,80,anthurium
1999,train,80,anthurium
2000,train,80,anthurium
2003,train,80,anthurium
2004,train,80,anthurium
2007,train,80,anthurium
2008,train,80,anthurium
2009,train,80,anthurium
2010,train,80,anthurium
2011,train,80,anthurium
2012,train,80,anthurium
2013,train,80,anthurium
2015,train,80,anthurium
2016,train,80,anthurium
2017,train,80,anthurium
2020,train,80,anthurium
2021,train,80,anthurium
2022,train,80,anthurium
2023,train,80,anthurium
2024,train,80,anthurium
2025,train,80,anthurium
2026,train,80,anthurium
2027,train,80,anthurium
2028,train,80,anthurium
2029,train,80,anthurium
2030,train,80,anthurium
2031,train,80,anthurium
2032,train,80,anthurium
2033,train,80,anthurium
2034,train,80,anthurium
2035,train,80,anthurium
2036,train,80,anthurium
2037,train,80,anthurium
2038,train,80,anthurium
2039,train,80,anthurium
2043,train,80,anthurium
2044,train,80,anthurium
2045,train,80,anthurium
2047,train,80,anthurium
2048,train,80,anthurium
2049,train,80,anthurium
2050,train,80,anthurium
2051,train,80,anthurium
2052,train,80,anthurium
2054,train,80,anthurium
2055,train,80,anthurium
2056,train,80,anthurium
2057,train,80,anthurium
2058,train,80,anthurium
2059,train,80,anthurium
2060,train,80,anthurium
2061,train,80,anthurium
2062,train,80,anthurium
2063,train,80,anthurium
2064,train,80,anthurium
2065,train,80,anthurium
2066,train,80,anthurium
2067,train,80,anthurium
782,train,81,frangipani
783,train,81,frangipani
785,train,81,frangipani
786,train,81,frangipani
787,train,81,frangipani
789,train,81,frangipani
790,train,81,frangipani
791,train,81,frangipani
793,train,81,frangipani
794,train,81,frangipani
795,train,81,frangipani
798,train,81,frangipani
799,train,81,frangipani
800,train,81,frangipani
801,train,81,frangipani
803,train,81,frangipani
804,train,81,frangipani
805,train,81,frangipani
806,train,81,frangipani
808,train,81,frangipani
809,train,81,frangipani
813,train,81,frangipani
814,train,81,frangipani
817,train,81,frangipani
818,train,81,frangipani
820,train,81,frangipani
821,train,81,frangipani
822,train,81,frangipani
824,train,81,frangipani
825,train,81,frangipani
826,train,81,frangipani
829,train,81,frangipani
830,train,81,frangipani
831,train,81,frangipani
832,train,81,frangipani
833,train,81,frangipani
834,train,81,frangipani
835,train,81,frangipani
836,train,81,frangipani
837,train,81,frangipani
838,train,81,frangipani
839,train,81,frangipani
840,train,81,frangipani
841,train,81,frangipani
842,train,81,frangipani
843,train,81,frangipani
844,train,81,frangipani
845,train,81,frangipani
847,train,81,frangipani
848,train,81,frangipani
849,train,81,frangipani
850,train,81,frangipani
852,train,81,frangipani
853,train,81,frangipani
854,train,81,frangipani
855,train,81,frangipani
856,train,81,frangipani
857,train,81,frangipani
859,train,81,frangipani
860,train,81,frangipani
861,train,81,frangipani
862,train,81,frangipani
863,train,81,frangipani
864,train,81,frangipani
865,train,81,frangipani
866,train,81,frangipani
867,train,81,frangipani
868,train,81,frangipani
869,train,81,frangipani
870,train,81,frangipani
871,train,81,frangipani
872,train,81,frangipani
873,train,81,frangipani
874,train,81,frangipani
875,train,81,frangipani
876,train,81,frangipani
877,train,81,frangipani
878,train,81,frangipani
880,train,81,frangipani
881,train,81,frangipani
882,train,81,frangipani
883,train,81,frangipani
884,train,81,frangipani
885,train,81,frangipani
886,train,81,frangipani
887,train,81,frangipani
889,train,81,frangipani
890,train,81,frangipani
891,train,81,frangipani
892,train,81,frangipani
893,train,81,frangipani
894,train,81,frangipani
895,train,81,frangipani
896,train,81,frangipani
897,train,81,frangipani
898,train,81,frangipani
899,train,81,frangipani
900,train,81,frangipani
902,train,81,frangipani
904,train,81,frangipani
905,train,81,frangipani
906,train,81,frangipani
907,train,81,frangipani
908,train,81,frangipani
909,train,81,frangipani
910,train,81,frangipani
911,train,81,frangipani
913,train,81,frangipani
914,train,81,frangipani
915,train,81,frangipani
916,train,81,frangipani
917,train,81,frangipani
918,train,81,frangipani
919,train,81,frangipani
920,train,81,frangipani
921,train,81,frangipani
923,train,81,frangipani
924,train,81,frangipani
927,train,81,frangipani
928,train,81,frangipani
929,train,81,frangipani
930,train,81,frangipani
931,train,81,frangipani
933,train,81,frangipani
934,train,81,frangipani
935,train,81,frangipani
936,train,81,frangipani
937,train,81,frangipani
938,train,81,frangipani
939,train,81,frangipani
940,train,81,frangipani
941,train,81,frangipani
944,train,81,frangipani
1584,train,82,clematis
1585,train,82,clematis
1586,train,82,clematis
1587,train,82,clematis
1588,train,82,clematis
1590,train,82,clematis
1591,train,82,clematis
1592,train,82,clematis
1593,train,82,clematis
1594,train,82,clematis
1597,train,82,clematis
1598,train,82,clematis
1599,train,82,clematis
1600,train,82,clematis
1602,train,82,clematis
1603,train,82,clematis
1604,train,82,clematis
1605,train,82,clematis
1607,train,82,clematis
1610,train,82,clematis
1611,train,82,clematis
1612,train,82,clematis
1613,train,82,clematis
1614,train,82,clematis
1615,train,82,clematis
1616,train,82,clematis
1617,train,82,clematis
1618,train,82,clematis
1620,train,82,clematis
1621,train,82,clematis
1622,train,82,clematis
1623,train,82,clematis
1625,train,82,clematis
1627,train,82,clematis
1628,train,82,clematis
1629,train,82,clematis
1630,train,82,clematis
1631,train,82,clematis
1632,train,82,clematis
1634,train,82,clematis
1635,train,82,clematis
1636,train,82,clematis
1637,train,82,clematis
1638,train,82,clematis
1640,train,82,clematis
1641,train,82,clematis
1642,train,82,clematis
1644,train,82,clematis
1646,train,82,clematis
1647,train,82,clematis
1648,train,82,clematis
1649,train,82,clematis
1650,train,82,clematis
1651,train,82,clematis
1653,train,82,clematis
1654,train,82,clematis
1656,train,82,clematis
1657,train,82,clematis
1658,train,82,clematis
1659,train,82,clematis
1660,train,82,clematis
1662,train,82,clematis
1665,train,82,clematis
1666,train,82,clematis
1667,train,82,clematis
1668,train,82,clematis
1669,train,82,clematis
1670,train,82,clematis
1671,train,82,clematis
1673,train,82,clematis
1674,train,82,clematis
1675,train,82,clematis
1676,train,82,clematis
1677,train,82,clematis
1678,train,82,clematis
1679,train,82,clematis
1681,train,82,clematis
1682,train,82,clematis
1683,train,82,clematis
1684,train,82,clematis
1685,train,82,clematis
1686,train,82,clematis
1687,train,82,clematis
1688,train,82,clematis
1689,train,82,clematis
1690,train,82,clematis
1692,train,82,clematis
1694,train,82,clematis
1695,train,82,clematis
1696,train,83,hibiscus
1697,train,83,hibiscus
1698,train,83,hibiscus
1699,train,83,hibiscus
1700,train,83,hibiscus
1701,train,83,hibiscus
1702,train,83,hibiscus
1703,train,83,hibiscus
1704,train,83,hibiscus
1705,train,83,hibiscus
1706,train,83,hibiscus
1707,train,83,hibiscus
1708,train,83,hibiscus
1709,train,83,hibiscus
1710,train,83,hibiscus
1711,train,83,hibiscus
1712,train,83,hibiscus
1714,train,83,hibiscus
1715,train,83,hibiscus
1717,train,83,hibiscus
1719,train,83,hibiscus
1720,train,83,hibiscus
1721,train,83,hibiscus
1722,train,83,hibiscus
1723,train,83,hibiscus
1724,train,83,hibiscus
1726,train,83,hibiscus
1727,train,83,hibiscus
1728,train,83,hibiscus
1729,train,83,hibiscus
1730,train,83,hibiscus
1731,train,83,hibiscus
1732,train,83,hibiscus
1733,train,83,hibiscus
1734,train,83,hibiscus
1736,train,83,hibiscus
1737,train,83,hibiscus
1741,train,83,hibiscus
1743,train,83,hibiscus
1744,train,83,hibiscus
1745,train,83,hibiscus
1747,train,83,hibiscus
1748,train,83,hibiscus
1749,train,83,hibiscus
1750,train,83,hibiscus
1751,train,83,hibiscus
1753,train,83,hibiscus
1754,train,83,hibiscus
1755,train,83,hibiscus
1756,train,83,hibiscus
1757,train,83,hibiscus
1758,train,83,hibiscus
1760,train,83,hibiscus
1761,train,83,hibiscus
1762,train,83,hibiscus
1763,train,83,hibiscus
1764,train,83,hibiscus
1765,train,83,hibiscus
1766,train,83,hibiscus
1767,train,83,hibiscus
1768,train,83,hibiscus
1769,train,83,hibiscus
1770,train,83,hibiscus
1771,train,83,hibiscus
1773,train,83,hibiscus
1775,train,83,hibiscus
1776,train,83,hibiscus
1778,train,83,hibiscus
1779,train,83,hibiscus
1780,train,83,hibiscus
1781,train,83,hibiscus
1784,train,83,hibiscus
1785,train,83,hibiscus
1787,train,83,hibiscus
1788,train,83,hibiscus
1789,train,83,hibiscus
1790,train,83,hibiscus
1793,train,83,hibiscus
1794,train,83,hibiscus
1795,train,83,hibiscus
1796,train,83,hibiscus
1797,train,83,hibiscus
1799,train,83,hibiscus
1800,train,83,hibiscus
1801,train,83,hibiscus
1803,train,83,hibiscus
1804,train,83,hibiscus
1805,train,83,hibiscus
1806,train,83,hibiscus
1807,train,83,hibiscus
1808,train,83,hibiscus
1809,train,83,hibiscus
1811,train,83,hibiscus
1812,train,83,hibiscus
1813,train,83,hibiscus
1814,train,83,hibiscus
1815,train,83,hibiscus
1816,train,83,hibiscus
1817,train,83,hibiscus
1818,train,83,hibiscus
1819,train,83,hibiscus
1820,train,83,hibiscus
1823,train,83,hibiscus
1825,train,83,hibiscus
1826,train,83,hibiscus
2553,train,84,columbine
2555,train,84,columbine
2556,train,84,columbine
2557,train,84,columbine
2558,train,84,columbine
2559,train,84,columbine
2562,train,84,columbine
2566,train,84,columbine
2567,train,84,columbine
2568,train,84,columbine
2569,train,84,columbine
2570,train,84,columbine
2571,train,84,columbine
2572,train,84,columbine
2573,train,84,columbine
2574,train,84,columbine
2575,train,84,columbine
2576,train,84,columbine
2577,train,84,columbine
2578,train,84,columbine
2579,train,84,columbine
2580,train,84,columbine
2581,train,84,columbine
2582,train,84,columbine
2583,train,84,columbine
2584,train,84,columbine
2585,train,84,columbine
2586,train,84,columbine
2587,train,84,columbine
2590,train,84,columbine
2591,train,84,columbine
2592,train,84,columbine
2593,train,84,columbine
2595,train,84,columbine
2596,train,84,columbine
2597,train,84,columbine
2598,train,84,columbine
2599,train,84,columbine
2600,train,84,columbine
2601,train,84,columbine
2602,train,84,columbine
2603,train,84,columbine
2605,train,84,columbine
2606,train,84,columbine
2607,train,84,columbine
2608,train,84,columbine
2609,train,84,columbine
2610,train,84,columbine
2611,train,84,columbine
2612,train,84,columbine
2614,train,84,columbine
2616,train,84,columbine
2617,train,84,columbine
2618,train,84,columbine
2620,train,84,columbine
2621,train,84,columbine
2622,train,84,columbine
2624,train,84,columbine
2625,train,84,columbine
2627,train,84,columbine
2628,train,84,columbine
2630,train,84,columbine
2631,train,84,columbine
2632,train,84,columbine
2633,train,84,columbine
2634,train,84,columbine
2635,train,84,columbine
2636,train,84,columbine
2637,train,84,columbine
4767,train,85,desert-rose
4768,train,85,desert-rose
4769,train,85,desert-rose
4770,train,85,desert-rose
4771,train,85,desert-rose
4774,train,85,desert-rose
4775,train,85,desert-rose
4777,train,85,desert-rose
4778,train,85,desert-rose
4780,train,85,desert-rose
4781,train,85,desert-rose
4782,train,85,desert-rose
4783,train,85,desert-rose
4785,train,85,desert-rose
4786,train,85,desert-rose
4787,train,85,desert-rose
4788,train,85,desert-rose
4792,train,85,desert-rose
4794,train,85,desert-rose
4795,train,85,desert-rose
4796,train,85,desert-rose
4797,train,85,desert-rose
4798,train,85,desert-rose
4799,train,85,desert-rose
4801,train,85,desert-rose
4803,train,85,desert-rose
4804,train,85,desert-rose
4805,train,85,desert-rose
4806,train,85,desert-rose
4807,train,85,desert-rose
4808,train,85,desert-rose
4809,train,85,desert-rose
4810,train,85,desert-rose
4812,train,85,desert-rose
4813,train,85,desert-rose
4814,train,85,desert-rose
4815,train,85,desert-rose
4816,train,85,desert-rose
4817,train,85,desert-rose
4818,train,85,desert-rose
4819,train,85,desert-rose
4820,train,85,desert-rose
4821,train,85,desert-rose
4822,train,85,desert-rose
4823,train,85,desert-rose
4824,train,85,desert-rose
4825,train,85,desert-rose
4826,train,85,desert-rose
4827,train,85,desert-rose
4828,train,85,desert-rose
2862,train,86,tree mallow
2863,train,86,tree mallow
2865,train,86,tree mallow
2867,train,86,tree mallow
2868,train,86,tree mallow
2869,train,86,tree mallow
2870,train,86,tree mallow
2871,train,86,tree mallow
2872,train,86,tree mallow
2873,train,86,tree mallow
2874,train,86,tree mallow
2875,train,86,tree mallow
2876,train,86,tree mallow
2877,train,86,tree mallow
2879,train,86,tree mallow
2880,train,86,tree mallow
2881,train,86,tree mallow
2882,train,86,tree mallow
2883,train,86,tree mallow
2884,train,86,tree mallow
2885,train,86,tree mallow
2886,train,86,tree mallow
2887,train,86,tree mallow
2888,train,86,tree mallow
2889,train,86,tree mallow
2890,train,86,tree mallow
2891,train,86,tree mallow
2892,train,86,tree mallow
2894,train,86,tree mallow
2895,train,86,tree mallow
2899,train,86,tree mallow
2900,train,86,tree mallow
2901,train,86,tree mallow
2903,train,86,tree mallow
2904,train,86,tree mallow
2905,train,86,tree mallow
2906,train,86,tree mallow
2907,train,86,tree mallow
2910,train,86,tree mallow
2911,train,86,tree mallow
2912,train,86,tree mallow
2913,train,86,tree mallow
2916,train,86,tree mallow
2917,train,86,tree mallow
2918,train,86,tree mallow
2919,train,86,tree mallow
5460,train,87,magnolia
5461,train,87,magnolia
5462,train,87,magnolia
5463,train,87,magnolia
5464,train,87,magnolia
5465,train,87,magnolia
5466,train,87,magnolia
5467,train,87,magnolia
5468,train,87,magnolia
5469,train,87,magnolia
5470,train,87,magnolia
5471,train,87,magnolia
5472,train,87,magnolia
5474,train,87,magnolia
5476,train,87,magnolia
5477,train,87,magnolia
5478,train,87,magnolia
5482,train,87,magnolia
5483,train,87,magnolia
5485,train,87,magnolia
5486,train,87,magnolia
5487,train,87,magnolia
5490,train,87,magnolia
5491,train,87,magnolia
5492,train,87,magnolia
5493,train,87,magnolia
5495,train,87,magnolia
5497,train,87,magnolia
5498,train,87,magnolia
5499,train,87,magnolia
5500,train,87,magnolia
5501,train,87,magnolia
5502,train,87,magnolia
5503,train,87,magnolia
5504,train,87,magnolia
5505,train,87,magnolia
5506,train,87,magnolia
5507,train,87,magnolia
5508,train,87,magnolia
5509,train,87,magnolia
5510,train,87,magnolia
5511,train,87,magnolia
5513,train,87,magnolia
5514,train,87,magnolia
5516,train,87,magnolia
5517,train,87,magnolia
5518,train,87,magnolia
5519,train,87,magnolia
5520,train,87,magnolia
5521,train,87,magnolia
446,train,88,cyclamen
447,train,88,cyclamen
448,train,88,cyclamen
449,train,88,cyclamen
450,train,88,cyclamen
451,train,88,cyclamen
453,train,88,cyclamen
454,train,88,cyclamen
455,train,88,cyclamen
456,train,88,cyclamen
457,train,88,cyclamen
459,train,88,cyclamen
460,train,88,cyclamen
461,train,88,cyclamen
462,train,88,cyclamen
464,train,88,cyclamen
465,train,88,cyclamen
467,train,88,cyclamen
468,train,88,cyclamen
469,train,88,cyclamen
470,train,88,cyclamen
471,train,88,cyclamen
472,train,88,cyclamen
473,train,88,cyclamen
476,train,88,cyclamen
477,train,88,cyclamen
478,train,88,cyclamen
480,train,88,cyclamen
481,train,88,cyclamen
482,train,88,cyclamen
483,train,88,cyclamen
486,train,88,cyclamen
487,train,88,cyclamen
488,train,88,cyclamen
489,train,88,cyclamen
490,train,88,cyclamen
491,train,88,cyclamen
492,train,88,cyclamen
493,train,88,cyclamen
495,train,88,cyclamen
496,train,88,cyclamen
498,train,88,cyclamen
499,train,88,cyclamen
500,train,88,cyclamen
502,train,88,cyclamen
504,train,88,cyclamen
505,train,88,cyclamen
506,train,88,cyclamen
508,train,88,cyclamen
509,train,88,cyclamen
510,train,88,cyclamen
511,train,88,cyclamen
514,train,88,cyclamen
517,train,88,cyclamen
518,train,88,cyclamen
519,train,88,cyclamen
520,train,88,cyclamen
521,train,88,cyclamen
522,train,88,cyclamen
523,train,88,cyclamen
525,train,88,cyclamen
526,train,88,cyclamen
527,train,88,cyclamen
528,train,88,cyclamen
529,train,88,cyclamen
530,train,88,cyclamen
531,train,88,cyclamen
533,train,88,cyclamen
534,train,88,cyclamen
535,train,88,cyclamen
536,train,88,cyclamen
537,train,88,cyclamen
538,train,88,cyclamen
539,train,88,cyclamen
540,train,88,cyclamen
541,train,88,cyclamen
542,train,88,cyclamen
544,train,88,cyclamen
545,train,88,cyclamen
546,train,88,cyclamen
547,train,88,cyclamen
548,train,88,cyclamen
549,train,88,cyclamen
553,train,88,cyclamen
554,train,88,cyclamen
555,train,88,cyclamen
556,train,88,cyclamen
557,train,88,cyclamen
560,train,88,cyclamen
561,train,88,cyclamen
562,train,88,cyclamen
563,train,88,cyclamen
564,train,88,cyclamen
565,train,88,cyclamen
566,train,88,cyclamen
567,train,88,cyclamen
568,train,88,cyclamen
569,train,88,cyclamen
570,train,88,cyclamen
571,train,88,cyclamen
572,train,88,cyclamen
573,train,88,cyclamen
574,train,88,cyclamen
575,train,88,cyclamen
576,train,88,cyclamen
577,train,88,cyclamen
578,train,88,cyclamen
579,train,88,cyclamen
580,train,88,cyclamen
581,train,88,cyclamen
582,train,88,cyclamen
583,train,88,cyclamen
584,train,88,cyclamen
585,train,88,cyclamen
586,train,88,cyclamen
587,train,88,cyclamen
588,train,88,cyclamen
589,train,88,cyclamen
591,train,88,cyclamen
594,train,88,cyclamen
595,train,88,cyclamen
596,train,88,cyclamen
8082,train,88,cyclamen
599,train,89,watercress
601,train,89,watercress
602,train,89,watercress
604,train,89,watercress
605,train,89,watercress
606,train,89,watercress
608,train,89,watercress
609,train,89,watercress
610,train,89,watercress
612,train,89,watercress
613,train,89,watercress
614,train,89,watercress
615,train,89,watercress
616,train,89,watercress
617,train,89,watercress
618,train,89,watercress
619,train,89,watercress
620,train,89,watercress
621,train,89,watercress
622,train,89,watercress
623,train,89,watercress
624,train,89,watercress
625,train,89,watercress
626,train,89,watercress
627,train,89,watercress
630,train,89,watercress
633,train,89,watercress
634,train,89,watercress
635,train,89,watercress
636,train,89,watercress
637,train,89,watercress
638,train,89,watercress
639,train,89,watercress
641,train,89,watercress
642,train,89,watercress
643,train,89,watercress
644,train,89,watercress
645,train,89,watercress
646,train,89,watercress
647,train,89,watercress
649,train,89,watercress
650,train,89,watercress
651,train,89,watercress
652,train,89,watercress
653,train,89,watercress
654,train,89,watercress
656,train,89,watercress
657,train,89,watercress
659,train,89,watercress
660,train,89,watercress
661,train,89,watercress
662,train,89,watercress
663,train,89,watercress
665,train,89,watercress
666,train,89,watercress
667,train,89,watercress
669,train,89,watercress
670,train,89,watercress
672,train,89,watercress
673,train,89,watercress
674,train,89,watercress
677,train,89,watercress
678,train,89,watercress
680,train,89,watercress
681,train,89,watercress
682,train,89,watercress
683,train,89,watercress
685,train,89,watercress
686,train,89,watercress
688,train,89,watercress
689,train,89,watercress
690,train,89,watercress
691,train,89,watercress
692,train,89,watercress
693,train,89,watercress
695,train,89,watercress
696,train,89,watercress
697,train,89,watercress
698,train,89,watercress
699,train,89,watercress
701,train,89,watercress
703,train,89,watercress
704,train,89,watercress
705,train,89,watercress
706,train,89,watercress
707,train,89,watercress
708,train,89,watercress
709,train,89,watercress
710,train,89,watercress
711,train,89,watercress
713,train,89,watercress
714,train,89,watercress
715,train,89,watercress
717,train,89,watercress
718,train,89,watercress
719,train,89,watercress
720,train,89,watercress
721,train,89,watercress
722,train,89,watercress
724,train,89,watercress
725,train,89,watercress
726,train,89,watercress
727,train,89,watercress
728,train,89,watercress
729,train,89,watercress
730,train,89,watercress
731,train,89,watercress
733,train,89,watercress
734,train,89,watercress
735,train,89,watercress
736,train,89,watercress
737,train,89,watercress
738,train,89,watercress
739,train,89,watercress
740,train,89,watercress
741,train,89,watercress
742,train,89,watercress
743,train,89,watercress
744,train,89,watercress
745,train,89,watercress
747,train,89,watercress
749,train,89,watercress
750,train,89,watercress
752,train,89,watercress
753,train,89,watercress
755,train,89,watercress
756,train,89,watercress
757,train,89,watercress
758,train,89,watercress
759,train,89,watercress
760,train,89,watercress
761,train,89,watercress
762,train,89,watercress
763,train,89,watercress
764,train,89,watercress
765,train,89,watercress
768,train,89,watercress
769,train,89,watercress
772,train,89,watercress
773,train,89,watercress
774,train,89,watercress
775,train,89,watercress
776,train,89,watercress
777,train,89,watercress
778,train,89,watercress
780,train,89,watercress
7284,train,89,watercress
4401,train,90,canna lily
4404,train,90,canna lily
4405,train,90,canna lily
4406,train,90,canna lily
4407,train,90,canna lily
4408,train,90,canna lily
4409,train,90,canna lily
4410,train,90,canna lily
4411,train,90,canna lily
4413,train,90,canna lily
4414,train,90,canna lily
4415,train,90,canna lily
4417,train,90,canna lily
4418,train,90,canna lily
4419,train,90,canna lily
4421,train,90,canna lily
4422,train,90,canna lily
4424,train,90,canna lily
4425,train,90,canna lily
4426,train,90,canna lily
4427,train,90,canna lily
4428,train,90,canna lily
4429,train,90,canna lily
4430,train,90,canna lily
4431,train,90,canna lily
4432,train,90,canna lily
4433,train,90,canna lily
4435,train,90,canna lily
4436,train,90,canna lily
4437,train,90,canna lily
4438,train,90,canna lily
4439,train,90,canna lily
4441,train,90,canna lily
4442,train,90,canna lily
4443,train,90,canna lily
4444,train,90,canna lily
4445,train,90,canna lily
4447,train,90,canna lily
4449,train,90,canna lily
4450,train,90,canna lily
4451,train,90,canna lily
4452,train,90,canna lily
4453,train,90,canna lily
4454,train,90,canna lily
4456,train,90,canna lily
4457,train,90,canna lily
4458,train,90,canna lily
4460,train,90,canna lily
4461,train,90,canna lily
4462,train,90,canna lily
4463,train,90,canna lily
4464,train,90,canna lily
4465,train,90,canna lily
4467,train,90,canna lily
4468,train,90,canna lily
4469,train,90,canna lily
4470,train,90,canna lily
4471,train,90,canna lily
4472,train,90,canna lily
4474,train,90,canna lily
4475,train,90,canna lily
4476,train,90,canna lily
4478,train,90,canna lily
4480,train,90,canna lily
7299,train,90,canna lily
7300,train,90,canna lily
4829,train,91,hippeastrum
4831,train,91,hippeastrum
4833,train,91,hippeastrum
4835,train,91,hippeastrum
4837,train,91,hippeastrum
4838,train,91,hippeastrum
4842,train,91,hippeastrum
4843,train,91,hippeastrum
4844,train,91,hippeastrum
4845,train,91,hippeastrum
4846,train,91,hippeastrum
4848,train,91,hippeastrum
4849,train,91,hippeastrum
4850,train,91,hippeastrum
4851,train,91,hippeastrum
4852,train,91,hippeastrum
4853,train,91,hippeastrum
4854,train,91,hippeastrum
4855,train,91,hippeastrum
4856,train,91,hippeastrum
4857,train,91,hippeastrum
4858,train,91,hippeastrum
4859,train,91,hippeastrum
4860,train,91,hippeastrum
4861,train,91,hippeastrum
4862,train,91,hippeastrum
4863,train,91,hippeastrum
4864,train,91,hippeastrum
4865,train,91,hippeastrum
4866,train,91,hippeastrum
4867,train,91,hippeastrum
4868,train,91,hippeastrum
4869,train,91,hippeastrum
4871,train,91,hippeastrum
4872,train,91,hippeastrum
4873,train,91,hippeastrum
4874,train,91,hippeastrum
4875,train,91,hippeastrum
4876,train,91,hippeastrum
4877,train,91,hippeastrum
4878,train,91,hippeastrum
4880,train,91,hippeastrum
4881,train,91,hippeastrum
4882,train,91,hippeastrum
4883,train,91,hippeastrum
4884,train,91,hippeastrum
4886,train,91,hippeastrum
4887,train,91,hippeastrum
4888,train,91,hippeastrum
4889,train,91,hippeastrum
4890,train,91,hippeastrum
4892,train,91,hippeastrum
4894,train,91,hippeastrum
4895,train,91,hippeastrum
4896,train,91,hippeastrum
8056,train,91,hippeastrum
8057,train,91,hippeastrum
8058,train,91,hippeastrum
8059,train,91,hippeastrum
8060,train,91,hippeastrum
8061,train,91,hippeastrum
3029,train,92,bee balm
3030,train,92,bee balm
3031,train,92,bee balm
3032,train,92,bee balm
3033,train,92,bee balm
3034,train,92,bee balm
3035,train,92,bee balm
3036,train,92,bee balm
3037,train,92,bee balm
3038,train,92,bee balm
3040,train,92,bee balm
3041,train,92,bee balm
3042,train,92,bee balm
3043,train,92,bee balm
3044,train,92,bee balm
3045,train,92,bee balm
3046,train,92,bee balm
3047,train,92,bee balm
3048,train,92,bee balm
3049,train,92,bee balm
3050,train,92,bee balm
3052,train,92,bee balm
3055,train,92,bee balm
3056,train,92,bee balm
3057,train,92,bee balm
3058,train,92,bee balm
3059,train,92,bee balm
3061,train,92,bee balm
3063,train,92,bee balm
3064,train,92,bee balm
3065,train,92,bee balm
3066,train,92,bee balm
3067,train,92,bee balm
3069,train,92,bee balm
3071,train,92,bee balm
3072,train,92,bee balm
3073,train,92,bee balm
3074,train,92,bee balm
3075,train,92,bee balm
3076,train,92,bee balm
3077,train,92,bee balm
3078,train,92,bee balm
3079,train,92,bee balm
3081,train,92,bee balm
3082,train,92,bee balm
3083,train,92,bee balm
3084,train,92,bee balm
3086,train,92,bee balm
3088,train,92,bee balm
3089,train,92,bee balm
3090,train,92,bee balm
3091,train,92,bee balm
3092,train,92,bee balm
6011,train,93,ball moss
6013,train,93,ball moss
6014,train,93,ball moss
6015,train,93,ball moss
6016,train,93,ball moss
6017,train,93,ball moss
6018,train,93,ball moss
6019,train,93,ball moss
6020,train,93,ball moss
6024,train,93,ball moss
6025,train,93,ball moss
6026,train,93,ball moss
6027,train,93,ball moss
6029,train,93,ball moss
6030,train,93,ball moss
6031,train,93,ball moss
6032,train,93,ball moss
6033,train,93,ball moss
6034,train,93,ball moss
6035,train,93,ball moss
6037,train,93,ball moss
6039,train,93,ball moss
6040,train,93,ball moss
6041,train,93,ball moss
6042,train,93,ball moss
6043,train,93,ball moss
6044,train,93,ball moss
6045,train,93,ball moss
6046,train,93,ball moss
6048,train,93,ball moss
7302,train,93,ball moss
8112,train,93,ball moss
8113,train,93,ball moss
8114,train,93,ball moss
8115,train,93,ball moss
8116,train,93,ball moss
8117,train,93,ball moss
7304,train,94,foxglove
7305,train,94,foxglove
7306,train,94,foxglove
7307,train,94,foxglove
7308,train,94,foxglove
7309,train,94,foxglove
7310,train,94,foxglove
7311,train,94,foxglove
7313,train,94,foxglove
7314,train,94,foxglove
7316,train,94,foxglove
7317,train,94,foxglove
7318,train,94,foxglove
7319,train,94,foxglove
7320,train,94,foxglove
7321,train,94,foxglove
7322,train,94,foxglove
7323,train,94,foxglove
7324,train,94,foxglove
7325,train,94,foxglove
7326,train,94,foxglove
7327,train,94,foxglove
7328,train,94,foxglove
7329,train,94,foxglove
7330,train,94,foxglove
7332,train,94,foxglove
7333,train,94,foxglove
7334,train,94,foxglove
7335,train,94,foxglove
7337,train,94,foxglove
7338,train,94,foxglove
7339,train,94,foxglove
7340,train,94,foxglove
7341,train,94,foxglove
7342,train,94,foxglove
7343,train,94,foxglove
7344,train,94,foxglove
7346,train,94,foxglove
7348,train,94,foxglove
7349,train,94,foxglove
7350,train,94,foxglove
7351,train,94,foxglove
7352,train,94,foxglove
7353,train,94,foxglove
7354,train,94,foxglove
7355,train,94,foxglove
7357,train,94,foxglove
7358,train,94,foxglove
7360,train,94,foxglove
7362,train,94,foxglove
7363,train,94,foxglove
7364,train,94,foxglove
7365,train,94,foxglove
7366,train,94,foxglove
7367,train,94,foxglove
7368,train,94,foxglove
7369,train,94,foxglove
7370,train,94,foxglove
7373,train,94,foxglove
7374,train,94,foxglove
7375,train,94,foxglove
7376,train,94,foxglove
7377,train,94,foxglove
7379,train,94,foxglove
7382,train,94,foxglove
7384,train,94,foxglove
7385,train,94,foxglove
7386,train,94,foxglove
7387,train,94,foxglove
7389,train,94,foxglove
7390,train,94,foxglove
7391,train,94,foxglove
7392,train,94,foxglove
7394,train,94,foxglove
7395,train,94,foxglove
7396,train,94,foxglove
7397,train,94,foxglove
7398,train,94,foxglove
7399,train,94,foxglove
7401,train,94,foxglove
7403,train,94,foxglove
7405,train,94,foxglove
7408,train,94,foxglove
7410,train,94,foxglove
7411,train,94,foxglove
7414,train,94,foxglove
7416,train,94,foxglove
7417,train,94,foxglove
7418,train,94,foxglove
7419,train,94,foxglove
7420,train,94,foxglove
7421,train,94,foxglove
7422,train,94,foxglove
7423,train,94,foxglove
7424,train,94,foxglove
7425,train,94,foxglove
7427,train,94,foxglove
7428,train,94,foxglove
7429,train,94,foxglove
7430,train,94,foxglove
7431,train,94,foxglove
7432,train,94,foxglove
7433,train,94,foxglove
7434,train,94,foxglove
7435,train,94,foxglove
7436,train,94,foxglove
7437,train,94,foxglove
7438,train,94,foxglove
7439,train,94,foxglove
7440,train,94,foxglove
7441,train,94,foxglove
7442,train,94,foxglove
7444,train,94,foxglove
7445,train,94,foxglove
7446,train,94,foxglove
7448,train,94,foxglove
7449,train,94,foxglove
7450,train,94,foxglove
7451,train,94,foxglove
7452,train,94,foxglove
7453,train,94,foxglove
7455,train,94,foxglove
7457,train,94,foxglove
7458,train,94,foxglove
7459,train,94,foxglove
7461,train,94,foxglove
7462,train,94,foxglove
7463,train,94,foxglove
7464,train,94,foxglove
7466,train,95,bougainvillea
7467,train,95,bougainvillea
7468,train,95,bougainvillea
7469,train,95,bougainvillea
7470,train,95,bougainvillea
7471,train,95,bougainvillea
7472,train,95,bougainvillea
7474,train,95,bougainvillea
7476,train,95,bougainvillea
7477,train,95,bougainvillea
7478,train,95,bougainvillea
7479,train,95,bougainvillea
7480,train,95,bougainvillea
7481,train,95,bougainvillea
7482,train,95,bougainvillea
7483,train,95,bougainvillea
7484,train,95,bougainvillea
7485,train,95,bougainvillea
7487,train,95,bougainvillea
7488,train,95,bougainvillea
7489,train,95,bougainvillea
7490,train,95,bougainvillea
7491,train,95,bougainvillea
7492,train,95,bougainvillea
7493,train,95,bougainvillea
7494,train,95,bougainvillea
7495,train,95,bougainvillea
7496,train,95,bougainvillea
7497,train,95,bougainvillea
7498,train,95,bougainvillea
7500,train,95,bougainvillea
7501,train,95,bougainvillea
7502,train,95,bougainvillea
7503,train,95,bougainvillea
7504,train,95,bougainvillea
7505,train,95,bougainvillea
7508,train,95,bougainvillea
7509,train,95,bougainvillea
7510,train,95,bougainvillea
7511,train,95,bougainvillea
7512,train,95,bougainvillea
7513,train,95,bougainvillea
7514,train,95,bougainvillea
7515,train,95,bougainvillea
7517,train,95,bougainvillea
7518,train,95,bougainvillea
7519,train,95,bougainvillea
7521,train,95,bougainvillea
7522,train,95,bougainvillea
7523,train,95,bougainvillea
7524,train,95,bougainvillea
7526,train,95,bougainvillea
7527,train,95,bougainvillea
7528,train,95,bougainvillea
7529,train,95,bougainvillea
7532,train,95,bougainvillea
7535,train,95,bougainvillea
7536,train,95,bougainvillea
7537,train,95,bougainvillea
7538,train,95,bougainvillea
7539,train,95,bougainvillea
7540,train,95,bougainvillea
7541,train,95,bougainvillea
7544,train,95,bougainvillea
7545,train,95,bougainvillea
7546,train,95,bougainvillea
7547,train,95,bougainvillea
7548,train,95,bougainvillea
7549,train,95,bougainvillea
7550,train,95,bougainvillea
7551,train,95,bougainvillea
7552,train,95,bougainvillea
7553,train,95,bougainvillea
7554,train,95,bougainvillea
7555,train,95,bougainvillea
7558,train,95,bougainvillea
7559,train,95,bougainvillea
7560,train,95,bougainvillea
7562,train,95,bougainvillea
7563,train,95,bougainvillea
7564,train,95,bougainvillea
7565,train,95,bougainvillea
7566,train,95,bougainvillea
7569,train,95,bougainvillea
7570,train,95,bougainvillea
7571,train,95,bougainvillea
7572,train,95,bougainvillea
7573,train,95,bougainvillea
7574,train,95,bougainvillea
7575,train,95,bougainvillea
7576,train,95,bougainvillea
7577,train,95,bougainvillea
7578,train,95,bougainvillea
7580,train,95,bougainvillea
7583,train,95,bougainvillea
7584,train,95,bougainvillea
7585,train,95,bougainvillea
7587,train,95,bougainvillea
7589,train,95,bougainvillea
7590,train,95,bougainvillea
7592,train,95,bougainvillea
7593,train,95,bougainvillea
7595,train,96,camellia
7596,train,96,camellia
7597,train,96,camellia
7598,train,96,camellia
7599,train,96,camellia
7600,train,96,camellia
7601,train,96,camellia
7602,train,96,camellia
7603,train,96,camellia
7604,train,96,camellia
7606,train,96,camellia
7608,train,96,camellia
7609,train,96,camellia
7612,train,96,camellia
7613,train,96,camellia
7614,train,96,camellia
7615,train,96,camellia
7618,train,96,camellia
7619,train,96,camellia
7620,train,96,camellia
7621,train,96,camellia
7624,train,96,camellia
7625,train,96,camellia
7626,train,96,camellia
7627,train,96,camellia
7628,train,96,camellia
7629,train,96,camellia
7630,train,96,camellia
7631,train,96,camellia
7632,train,96,camellia
7633,train,96,camellia
7634,train,96,camellia
7636,train,96,camellia
7637,train,96,camellia
7638,train,96,camellia
7639,train,96,camellia
7640,train,96,camellia
7641,train,96,camellia
7642,train,96,camellia
7643,train,96,camellia
7645,train,96,camellia
7646,train,96,camellia
7647,train,96,camellia
7648,train,96,camellia
7649,train,96,camellia
7651,train,96,camellia
7652,train,96,camellia
7653,train,96,camellia
7654,train,96,camellia
7655,train,96,camellia
7656,train,96,camellia
7657,train,96,camellia
7658,train,96,camellia
7659,train,96,camellia
7660,train,96,camellia
7663,train,96,camellia
7664,train,96,camellia
7665,train,96,camellia
7667,train,96,camellia
7669,train,96,camellia
7670,train,96,camellia
7671,train,96,camellia
7672,train,96,camellia
7673,train,96,camellia
7674,train,96,camellia
7675,train,96,camellia
7676,train,96,camellia
7677,train,96,camellia
7678,train,96,camellia
7679,train,96,camellia
7680,train,96,camellia
7682,train,96,camellia
7683,train,96,camellia
7685,train,97,mallow
7686,train,97,mallow
7687,train,97,mallow
7688,train,97,mallow
7689,train,97,mallow
7691,train,97,mallow
7692,train,97,mallow
7693,train,97,mallow
7694,train,97,mallow
7695,train,97,mallow
7696,train,97,mallow
7697,train,97,mallow
7698,train,97,mallow
7699,train,97,mallow
7700,train,97,mallow
7702,train,97,mallow
7703,train,97,mallow
7704,train,97,mallow
7705,train,97,mallow
7706,train,97,mallow
7707,train,97,mallow
7708,train,97,mallow
7709,train,97,mallow
7710,train,97,mallow
7711,train,97,mallow
7712,train,97,mallow
7713,train,97,mallow
7714,train,97,mallow
7716,train,97,mallow
7717,train,97,mallow
7719,train,97,mallow
7720,train,97,mallow
7721,train,97,mallow
7722,train,97,mallow
7724,train,97,mallow
7726,train,97,mallow
7727,train,97,mallow
7728,train,97,mallow
7729,train,97,mallow
7730,train,97,mallow
7731,train,97,mallow
7732,train,97,mallow
7733,train,97,mallow
7736,train,97,mallow
7737,train,97,mallow
7738,train,97,mallow
7740,train,97,mallow
7741,train,97,mallow
7742,train,97,mallow
7747,train,97,mallow
7748,train,97,mallow
7749,train,97,mallow
7750,train,97,mallow
7751,train,98,mexican petunia
7753,train,98,mexican petunia
7754,train,98,mexican petunia
7755,train,98,mexican petunia
7757,train,98,mexican petunia
7758,train,98,mexican petunia
7759,train,98,mexican petunia
7760,train,98,mexican petunia
7761,train,98,mexican petunia
7762,train,98,mexican petunia
7764,train,98,mexican petunia
7765,train,98,mexican petunia
7766,train,98,mexican petunia
7768,train,98,mexican petunia
7769,train,98,mexican petunia
7770,train,98,mexican petunia
7771,train,98,mexican petunia
7773,train,98,mexican petunia
7774,train,98,mexican petunia
7775,train,98,mexican petunia
7776,train,98,mexican petunia
7778,train,98,mexican petunia
7779,train,98,mexican petunia
7780,train,98,mexican petunia
7781,train,98,mexican petunia
7782,train,98,mexican petunia
7783,train,98,mexican petunia
7784,train,98,mexican petunia
7785,train,98,mexican petunia
7787,train,98,mexican petunia
7788,train,98,mexican petunia
7789,train,98,mexican petunia
7790,train,98,mexican petunia
7791,train,98,mexican petunia
7792,train,98,mexican petunia
7794,train,98,mexican petunia
7795,train,98,mexican petunia
7797,train,98,mexican petunia
7798,train,98,mexican petunia
7799,train,98,mexican petunia
7800,train,98,mexican petunia
7801,train,98,mexican petunia
7803,train,98,mexican petunia
7804,train,98,mexican petunia
7806,train,98,mexican petunia
7807,train,98,mexican petunia
7808,train,98,mexican petunia
7809,train,98,mexican petunia
7811,train,98,mexican petunia
7812,train,98,mexican petunia
7813,train,98,mexican petunia
7814,train,98,mexican petunia
7815,train,98,mexican petunia
7818,train,98,mexican petunia
7819,train,98,mexican petunia
7820,train,98,mexican petunia
7821,train,98,mexican petunia
7822,train,98,mexican petunia
7823,train,98,mexican petunia
7825,train,98,mexican petunia
7826,train,98,mexican petunia
7827,train,98,mexican petunia
7829,train,98,mexican petunia
7830,train,98,mexican petunia
7831,train,98,mexican petunia
7832,train,98,mexican petunia
7833,train,99,bromelia
7834,train,99,bromelia
7835,train,99,bromelia
7836,train,99,bromelia
7838,train,99,bromelia
7839,train,99,bromelia
7840,train,99,bromelia
7841,train,99,bromelia
7843,train,99,bromelia
7844,train,99,bromelia
7845,train,99,bromelia
7846,train,99,bromelia
7848,train,99,bromelia
7849,train,99,bromelia
7851,train,99,bromelia
7852,train,99,bromelia
7853,train,99,bromelia
7854,train,99,bromelia
7855,train,99,bromelia
7856,train,99,bromelia
7857,train,99,bromelia
7858,train,99,bromelia
7859,train,99,bromelia
7860,train,99,bromelia
7861,train,99,bromelia
7864,train,99,bromelia
7865,train,99,bromelia
7866,train,99,bromelia
7867,train,99,bromelia
7868,train,99,bromelia
7872,train,99,bromelia
7873,train,99,bromelia
7875,train,99,bromelia
7876,train,99,bromelia
7877,train,99,bromelia
7878,train,99,bromelia
7879,train,99,bromelia
7880,train,99,bromelia
7881,train,99,bromelia
7882,train,99,bromelia
7884,train,99,bromelia
7887,train,99,bromelia
7888,train,99,bromelia
7889,train,99,bromelia
7890,train,99,bromelia
7891,train,99,bromelia
7892,train,99,bromelia
8062,train,99,bromelia
8063,train,99,bromelia
8064,train,99,bromelia
7893,train,100,blanket flower
7895,train,100,blanket flower
7896,train,100,blanket flower
7897,train,100,blanket flower
7898,train,100,blanket flower
7899,train,100,blanket flower
7900,train,100,blanket flower
7901,train,100,blanket flower
7902,train,100,blanket flower
7904,train,100,blanket flower
7905,train,100,blanket flower
7906,train,100,blanket flower
7907,train,100,blanket flower
7908,train,100,blanket flower
7909,train,100,blanket flower
7910,train,100,blanket flower
7911,train,100,blanket flower
7912,train,100,blanket flower
7914,train,100,blanket flower
7915,train,100,blanket flower
7916,train,100,blanket flower
7917,train,100,blanket flower
7918,train,100,blanket flower
7920,train,100,blanket flower
7921,train,100,blanket flower
7922,train,100,blanket flower
7924,train,100,blanket flower
7926,train,100,blanket flower
7927,train,100,blanket flower
7928,train,100,blanket flower
7929,train,100,blanket flower
7932,train,100,blanket flower
7933,train,100,blanket flower
7934,train,100,blanket flower
7935,train,100,blanket flower
7936,train,100,blanket flower
7937,train,100,blanket flower
7938,train,100,blanket flower
7940,train,100,blanket flower
7942,train,101,trumpet creeper
7943,train,101,trumpet creeper
7944,train,101,trumpet creeper
7945,train,101,trumpet creeper
7947,train,101,trumpet creeper
7948,train,101,trumpet creeper
7950,train,101,trumpet creeper
7951,train,101,trumpet creeper
7952,train,101,trumpet creeper
7953,train,101,trumpet creeper
7954,train,101,trumpet creeper
7955,train,101,trumpet creeper
7958,train,101,trumpet creeper
7959,train,101,trumpet creeper
7960,train,101,trumpet creeper
7961,train,101,trumpet creeper
7963,train,101,trumpet creeper
7964,train,101,trumpet creeper
7965,train,101,trumpet creeper
7966,train,101,trumpet creeper
7968,train,101,trumpet creeper
7969,train,101,trumpet creeper
7970,train,101,trumpet creeper
7971,train,101,trumpet creeper
7972,train,101,trumpet creeper
7973,train,101,trumpet creeper
7974,train,101,trumpet creeper
7975,train,101,trumpet creeper
7976,train,101,trumpet creeper
7977,train,101,trumpet creeper
7978,train,101,trumpet creeper
7980,train,101,trumpet creeper
7981,train,101,trumpet creeper
7982,train,101,trumpet creeper
7983,train,101,trumpet creeper
7984,train,101,trumpet creeper
7988,train,101,trumpet creeper
7989,train,101,trumpet creeper
7990,train,101,trumpet creeper
7991,train,101,trumpet creeper
7992,train,101,trumpet creeper
7993,train,101,trumpet creeper
7994,train,101,trumpet creeper
7996,train,101,trumpet creeper
7997,train,101,trumpet creeper
7999,train,101,trumpet creeper
8000,train,102,blackberry lily
8001,train,102,blackberry lily
8002,train,102,blackberry lily
8003,train,102,blackberry lily
8004,train,102,blackberry lily
8005,train,102,blackberry lily
8006,train,102,blackberry lily
8007,train,102,blackberry lily
8009,train,102,blackberry lily
8010,train,102,blackberry lily
8011,train,102,blackberry lily
8014,train,102,blackberry lily
8015,train,102,blackberry lily
8016,train,102,blackberry lily
8017,train,102,blackberry lily
8018,train,102,blackberry lily
8019,train,102,blackberry lily
8020,train,102,blackberry lily
8021,train,102,blackberry lily
8022,train,102,blackberry lily
8024,train,102,blackberry lily
8027,train,102,blackberry lily
8028,train,102,blackberry lily
8029,train,102,blackberry lily
8031,train,102,blackberry lily
8033,train,102,blackberry lily
8034,train,102,blackberry lily
8035,train,102,blackberry lily
8036,train,102,blackberry lily
8038,train,102,blackberry lily
8039,train,102,blackberry lily
8040,train,102,blackberry lily
8041,train,102,blackberry lily
8042,train,102,blackberry lily
8043,train,102,blackberry lily
8044,train,102,blackberry lily
8045,train,102,blackberry lily
8046,train,102,blackberry lily
6742,val,1,pink primrose
6748,val,1,pink primrose
6749,val,1,pink primrose
6754,val,1,pink primrose
5096,val,2,hard-leaved pocket orchid
5101,val,2,hard-leaved pocket orchid
5112,val,2,hard-leaved pocket orchid
5120,val,2,hard-leaved pocket orchid
5122,val,2,hard-leaved pocket orchid
5140,val,2,hard-leaved pocket orchid
6612,val,3,canterbury bells
6614,val,3,canterbury bells
6637,val,3,canterbury bells
6638,val,3,canterbury bells
5658,val,4,sweet pea
5661,val,4,sweet pea
5667,val,4,sweet pea
5672,val,4,sweet pea
5684,val,4,sweet pea
5163,val,5,english marigold
5170,val,5,english marigold
5172,val,5,english marigold
5178,val,5,english marigold
5190,val,5,english marigold
5209,val,5,english marigold
7164,val,6,tiger lily
7169,val,6,tiger lily
7194,val,6,tiger lily
8108,val,6,tiger lily
7220,val,7,moon orchid
7226,val,7,moon orchid
7229,val,7,moon orchid
7232,val,7,moon orchid
3300,val,8,bird of paradise
3315,val,8,bird of paradise
3316,val,8,bird of paradise
3322,val,8,bird of paradise
3326,val,8,bird of paradise
3329,val,8,bird of paradise
3330,val,8,bird of paradise
3349,val,8,bird of paradise
3350,val,8,bird of paradise
6397,val,9,monkshood
6399,val,9,monkshood
6420,val,9,monkshood
6431,val,9,monkshood
6439,val,9,monkshood
7109,val,10,globe thistle
7118,val,10,globe thistle
7122,val,10,globe thistle
8096,val,10,globe thistle
3107,val,11,snapdragon
3111,val,11,snapdragon
3130,val,11,snapdragon
3131,val,11,snapdragon
3143,val,11,snapdragon
3149,val,11,snapdragon
3156,val,11,snapdragon
3170,val,11,snapdragon
3175,val,11,snapdragon
3996,val,12,colt's foot
4012,val,12,colt's foot
4013,val,12,colt's foot
4032,val,12,colt's foot
4047,val,12,colt's foot
4055,val,12,colt's foot
4067,val,12,colt's foot
4080,val,12,colt's foot
5748,val,13,king protea
5761,val,13,king protea
5769,val,13,king protea
5776,val,13,king protea
5788,val,13,king protea
6051,val,14,spear thistle
6053,val,14,spear thistle
6060,val,14,spear thistle
6091,val,14,spear thistle
6092,val,14,spear thistle
6353,val,15,yellow iris
6356,val,15,yellow iris
6368,val,15,yellow iris
6388,val,15,yellow iris
6390,val,15,yellow iris
6659,val,16,globe-flower
6665,val,16,globe-flower
6673,val,16,globe-flower
6687,val,16,globe-flower
3835,val,17,purple coneflower
3840,val,17,purple coneflower
3844,val,17,purple coneflower
3852,val,17,purple coneflower
3853,val,17,purple coneflower
3869,val,17,purple coneflower
3871,val,17,purple coneflower
3894,val,17,purple coneflower
3895,val,17,purple coneflower
4245,val,18,peruvian lily
4246,val,18,peruvian lily
4248,val,18,peruvian lily
4266,val,18,peruvian lily
4283,val,18,peruvian lily
4293,val,18,peruvian lily
4308,val,18,peruvian lily
4320,val,18,peruvian lily
6155,val,19,balloon flower
6163,val,19,balloon flower
6178,val,19,balloon flower
6184,val,19,balloon flower
6190,val,19,balloon flower
4904,val,20,giant white arum lily
4907,val,20,giant white arum lily
4922,val,20,giant white arum lily
4939,val,20,giant white arum lily
4942,val,20,giant white arum lily
4943,val,20,giant white arum lily
6780,val,21,fire lily
6798,val,21,fire lily
6799,val,21,fire lily
6808,val,21,fire lily
5352,val,22,pincushion flower
5369,val,22,pincushion flower
5371,val,22,pincushion flower
5390,val,22,pincushion flower
5391,val,22,pincushion flower
5397,val,22,pincushion flower
3369,val,23,fritillary
3382,val,23,fritillary
3387,val,23,fritillary
3397,val,23,fritillary
3401,val,23,fritillary
3416,val,23,fritillary
3423,val,23,fritillary
3442,val,23,fritillary
3450,val,23,fritillary
6824,val,24,red ginger
6834,val,24,red ginger
6839,val,24,red ginger
6849,val,24,red ginger
6573,val,25,grape hyacinth
6582,val,25,grape hyacinth
6589,val,25,grape hyacinth
6604,val,25,grape hyacinth
6493,val,26,corn poppy
6494,val,26,corn poppy
6500,val,26,corn poppy
6504,val,26,corn poppy
6865,val,27,prince of wales feathers
6867,val,27,prince of wales feathers
6883,val,27,prince of wales feathers
6887,val,27,prince of wales feathers
5217,val,28,stemless gentian
5226,val,28,stemless gentian
5250,val,28,stemless gentian
5254,val,28,stemless gentian
5268,val,28,stemless gentian
5270,val,28,stemless gentian
4093,val,29,artichoke
4098,val,29,artichoke
4108,val,29,artichoke
4118,val,29,artichoke
4140,val,29,artichoke
4150,val,29,artichoke
4152,val,29,artichoke
4156,val,29,artichoke
3469,val,30,sweet william
3471,val,30,sweet william
3476,val,30,sweet william
3479,val,30,sweet william
3523,val,30,sweet william
3533,val,30,sweet william
3535,val,30,sweet william
3540,val,30,sweet william
6892,val,31,carnation
6896,val,31,carnation
6904,val,31,carnation
6906,val,31,carnation
6914,val,31,carnation
5593,val,32,garden phlox
5595,val,32,garden phlox
5599,val,32,garden phlox
5603,val,32,garden phlox
5615,val,32,garden phlox
6444,val,33,love in the mist
6447,val,33,love in the mist
6451,val,33,love in the mist
6460,val,33,love in the mist
6486,val,33,love in the mist
6948,val,34,mexican aster
6956,val,34,mexican aster
6959,val,34,mexican aster
6966,val,34,mexican aster
6970,val,35,alpine sea holly
6988,val,35,alpine sea holly
7005,val,35,alpine sea holly
8087,val,35,alpine sea holly
4327,val,36,ruby-lipped cattleya
4334,val,36,ruby-lipped cattleya
4339,val,36,ruby-lipped cattleya
4353,val,36,ruby-lipped cattleya
4372,val,36,ruby-lipped cattleya
4374,val,36,ruby-lipped cattleya
4399,val,36,ruby-lipped cattleya
4400,val,36,ruby-lipped cattleya
3747,val,37,cape flower
3766,val,37,cape flower
3774,val,37,cape flower
3781,val,37,cape flower
3795,val,37,cape flower
3796,val,37,cape flower
3801,val,37,cape flower
3808,val,37,cape flower
3810,val,37,cape flower
3822,val,37,cape flower
3823,val,37,cape flower
5805,val,38,great masterwort
5828,val,38,great masterwort
5831,val,38,great masterwort
5834,val,38,great masterwort
5836,val,38,great masterwort
5848,val,38,great masterwort
7013,val,39,siam tulip
7027,val,39,siam tulip
7034,val,39,siam tulip
7043,val,39,siam tulip
4560,val,40,lenten rose
4561,val,40,lenten rose
4562,val,40,lenten rose
4570,val,40,lenten rose
4593,val,40,lenten rose
4606,val,40,lenten rose
4616,val,40,lenten rose
2190,val,41,barbeton daisy
2202,val,41,barbeton daisy
2204,val,41,barbeton daisy
2210,val,41,barbeton daisy
2221,val,41,barbeton daisy
2226,val,41,barbeton daisy
2254,val,41,barbeton daisy
2260,val,41,barbeton daisy
2263,val,41,barbeton daisy
2270,val,41,barbeton daisy
2285,val,41,barbeton daisy
2297,val,41,barbeton daisy
2305,val,41,barbeton daisy
5700,val,42,daffodil
5723,val,42,daffodil
5724,val,42,daffodil
5736,val,42,daffodil
5738,val,42,daffodil
5741,val,42,daffodil
2316,val,43,sword lily
2317,val,43,sword lily
2324,val,43,sword lily
2328,val,43,sword lily
2353,val,43,sword lily
2356,val,43,sword lily
2357,val,43,sword lily
2367,val,43,sword lily
2379,val,43,sword lily
2397,val,43,sword lily
2408,val,43,sword lily
2438,val,43,sword lily
2441,val,43,sword lily
1492,val,44,poinsettia
1498,val,44,poinsettia
1512,val,44,poinsettia
1513,val,44,poinsettia
1529,val,44,poinsettia
1537,val,44,poinsettia
1565,val,44,poinsettia
1569,val,44,poinsettia
1583,val,44,poinsettia
7142,val,45,bolero deep blue
7143,val,45,bolero deep blue
7146,val,45,bolero deep blue
7161,val,45,bolero deep blue
965,val,46,wallflower
996,val,46,wallflower
1003,val,46,wallflower
1009,val,46,wallflower
1021,val,46,wallflower
1024,val,46,wallflower
1053,val,46,wallflower
1059,val,46,wallflower
1062,val,46,wallflower
1063,val,46,wallflower
1083,val,46,wallflower
1091,val,46,wallflower
1092,val,46,wallflower
1105,val,46,wallflower
1122,val,46,wallflower
1127,val,46,wallflower
1133,val,46,wallflower
1134,val,46,wallflower
1136,val,46,wallflower
1138,val,46,wallflower
4955,val,47,marigold
4985,val,47,marigold
4992,val,47,marigold
4996,val,47,marigold
5008,val,47,marigold
5010,val,47,marigold
4625,val,48,buttercup
4628,val,48,buttercup
4645,val,48,buttercup
4654,val,48,buttercup
4655,val,48,buttercup
4662,val,48,buttercup
4682,val,48,buttercup
6198,val,49,oxeye daisy
6200,val,49,oxeye daisy
6203,val,49,oxeye daisy
6217,val,49,oxeye daisy
6235,val,49,oxeye daisy
6299,val,50,common dandelion
6334,val,50,common dandelion
6338,val,50,common dandelion
6531,val,50,common dandelion
6539,val,50,common dandelion
6549,val,50,common dandelion
6551,val,50,common dandelion
6567,val,50,common dandelion
6568,val,50,common dandelion
1319,val,51,petunia
1325,val,51,petunia
1340,val,51,petunia
1352,val,51,petunia
1362,val,51,petunia
1375,val,51,petunia
1385,val,51,petunia
1403,val,51,petunia
1406,val,51,petunia
1419,val,51,petunia
1439,val,51,petunia
1449,val,51,petunia
1455,val,51,petunia
1458,val,51,petunia
1475,val,51,petunia
1481,val,51,petunia
1489,val,51,petunia
1490,val,51,petunia
3924,val,51,petunia
3925,val,51,petunia
3927,val,51,petunia
3928,val,51,petunia
3945,val,51,petunia
3963,val,51,petunia
3978,val,51,petunia
3988,val,51,petunia
4166,val,52,wild pansy
4175,val,52,wild pansy
4179,val,52,wild pansy
4182,val,52,wild pansy
4204,val,52,wild pansy
4209,val,52,wild pansy
4221,val,52,wild pansy
4243,val,52,wild pansy
3662,val,53,primula
3664,val,53,primula
3682,val,53,primula
3701,val,53,primula
3704,val,53,primula
3707,val,53,primula
3716,val,53,primula
3720,val,53,primula
3726,val,53,primula
5399,val,54,sunflower
5415,val,54,sunflower
5428,val,54,sunflower
5439,val,54,sunflower
5451,val,54,sunflower
5459,val,54,sunflower
4699,val,55,pelargonium
4713,val,55,pelargonium
4714,val,55,pelargonium
4723,val,55,pelargonium
4739,val,55,pelargonium
4759,val,55,pelargonium
4760,val,55,pelargonium
2768,val,56,bishop of llandaff
2770,val,56,bishop of llandaff
2780,val,56,bishop of llandaff
2790,val,56,bishop of llandaff
2806,val,56,bishop of llandaff
2808,val,56,bishop of llandaff
2822,val,56,bishop of llandaff
2827,val,56,bishop of llandaff
2838,val,56,bishop of llandaff
2840,val,56,bishop of llandaff
2849,val,56,bishop of llandaff
7237,val,57,gaura
7238,val,57,gaura
7242,val,57,gaura
7261,val,57,gaura
7265,val,57,gaura
8123,val,57,gaura
2641,val,58,geranium
2651,val,58,geranium
2671,val,58,geranium
2676,val,58,geranium
2713,val,58,geranium
2715,val,58,geranium
2719,val,58,geranium
2731,val,58,geranium
2732,val,58,geranium
2740,val,58,geranium
2749,val,58,geranium
2751,val,58,geranium
5020,val,59,orange dahlia
5029,val,59,orange dahlia
5039,val,59,orange dahlia
5071,val,59,orange dahlia
5072,val,59,orange dahlia
5075,val,59,orange dahlia
5077,val,59,orange dahlia
2929,val,60,pink-yellow dahlia
2968,val,60,pink-yellow dahlia
2972,val,60,pink-yellow dahlia
2981,val,60,pink-yellow dahlia
2986,val,60,pink-yellow dahlia
2989,val,60,pink-yellow dahlia
3006,val,60,pink-yellow dahlia
3013,val,60,pink-yellow dahlia
3020,val,60,pink-yellow dahlia
3023,val,60,pink-yellow dahlia
3025,val,60,pink-yellow dahlia
6250,val,61,cautleya spicata
6264,val,61,cautleya spicata
6279,val,61,cautleya spicata
6289,val,61,cautleya spicata
6296,val,61,cautleya spicata
7270,val,62,japanese anemone
7279,val,62,japanese anemone
7283,val,62,japanese anemone
8153,val,62,japanese anemone
8167,val,62,japanese anemone
8186,val,62,japanese anemone
5858,val,63,black-eyed susan
5860,val,63,black-eyed susan
5875,val,63,black-eyed susan
5882,val,63,black-eyed susan
5897,val,63,black-eyed susan
5900,val,63,black-eyed susan
6126,val,64,silverbush
6130,val,64,silverbush
6132,val,64,silverbush
6144,val,64,silverbush
6148,val,64,silverbush
3197,val,65,californian poppy
3204,val,65,californian poppy
3214,val,65,californian poppy
3224,val,65,californian poppy
3229,val,65,californian poppy
3231,val,65,californian poppy
3233,val,65,californian poppy
3242,val,65,californian poppy
3243,val,65,californian poppy
3248,val,65,californian poppy
5527,val,66,osteospermum
5561,val,66,osteospermum
5564,val,66,osteospermum
5575,val,66,osteospermum
5582,val,66,osteospermum
5583,val,66,osteospermum
7054,val,67,spring crocus
7059,val,67,spring crocus
7060,val,67,spring crocus
7081,val,67,spring crocus
5905,val,68,bearded iris
5909,val,68,bearded iris
5917,val,68,bearded iris
5945,val,68,bearded iris
5954,val,68,bearded iris
5969,val,69,windflower
5971,val,69,windflower
5976,val,69,windflower
6005,val,69,windflower
6009,val,69,windflower
5280,val,70,tree poppy
5283,val,70,tree poppy
5293,val,70,tree poppy
5300,val,70,tree poppy
5303,val,70,tree poppy
5306,val,70,tree poppy
4481,val,71,gazania
4485,val,71,gazania
4488,val,71,gazania
4502,val,71,gazania
4513,val,71,gazania
4528,val,71,gazania
4543,val,71,gazania
4550,val,71,gazania
3564,val,72,azalea
3568,val,72,azalea
3569,val,72,azalea
3587,val,72,azalea
3592,val,72,azalea
3603,val,72,azalea
3605,val,72,azalea
3613,val,72,azalea
3618,val,72,azalea
258,val,73,water lily
263,val,73,water lily
268,val,73,water lily
271,val,73,water lily
288,val,73,water lily
293,val,73,water lily
301,val,73,water lily
304,val,73,water lily
309,val,73,water lily
313,val,73,water lily
315,val,73,water lily
324,val,73,water lily
345,val,73,water lily
346,val,73,water lily
349,val,73,water lily
368,val,73,water lily
427,val,73,water lily
435,val,73,water lily
438,val,73,water lily
445,val,73,water lily
1150,val,74,rose
1155,val,74,rose
1158,val,74,rose
1195,val,74,rose
1200,val,74,rose
1201,val,74,rose
1223,val,74,rose
1236,val,74,rose
1238,val,74,rose
1253,val,74,rose
1258,val,74,rose
1261,val,74,rose
1270,val,74,rose
1287,val,74,rose
1294,val,74,rose
1298,val,74,rose
1307,val,74,rose
2083,val,75,thorn apple
2089,val,75,thorn apple
2093,val,75,thorn apple
2114,val,75,thorn apple
2117,val,75,thorn apple
2120,val,75,thorn apple
2130,val,75,thorn apple
2136,val,75,thorn apple
2152,val,75,thorn apple
2156,val,75,thorn apple
2165,val,75,thorn apple
2186,val,75,thorn apple
2451,val,76,morning glory
2458,val,76,morning glory
2459,val,76,morning glory
2462,val,76,morning glory
2463,val,76,morning glory
2465,val,76,morning glory
2489,val,76,morning glory
2492,val,76,morning glory
2504,val,76,morning glory
2509,val,76,morning glory
2523,val,76,morning glory
10,val,77,passion flower
11,val,77,passion flower
22,val,77,passion flower
47,val,77,passion flower
48,val,77,passion flower
58,val,77,passion flower
60,val,77,passion flower
73,val,77,passion flower
74,val,77,passion flower
87,val,77,passion flower
94,val,77,passion flower
99,val,77,passion flower
113,val,77,passion flower
127,val,77,passion flower
150,val,77,passion flower
160,val,77,passion flower
169,val,77,passion flower
175,val,77,passion flower
202,val,77,passion flower
206,val,77,passion flower
214,val,77,passion flower
220,val,77,passion flower
225,val,77,passion flower
234,val,77,passion flower
242,val,77,passion flower
1828,val,78,lotus
1838,val,78,lotus
1850,val,78,lotus
1853,val,78,lotus
1857,val,78,lotus
1877,val,78,lotus
1891,val,78,lotus
1902,val,78,lotus
1904,val,78,lotus
1906,val,78,lotus
1915,val,78,lotus
1922,val,78,lotus
1924,val,78,lotus
1957,val,78,lotus
6694,val,79,toad lily
6698,val,79,toad lily
6709,val,79,toad lily
6712,val,79,toad lily
1975,val,80,anthurium
1986,val,80,anthurium
1989,val,80,anthurium
1991,val,80,anthurium
2002,val,80,anthurium
2014,val,80,anthurium
2018,val,80,anthurium
2019,val,80,anthurium
2041,val,80,anthurium
2042,val,80,anthurium
2068,val,80,anthurium
784,val,81,frangipani
796,val,81,frangipani
797,val,81,frangipani
802,val,81,frangipani
807,val,81,frangipani
812,val,81,frangipani
816,val,81,frangipani
827,val,81,frangipani
828,val,81,frangipani
851,val,81,frangipani
858,val,81,frangipani
888,val,81,frangipani
903,val,81,frangipani
925,val,81,frangipani
926,val,81,frangipani
942,val,81,frangipani
1589,val,82,clematis
1608,val,82,clematis
1609,val,82,clematis
1624,val,82,clematis
1645,val,82,clematis
1652,val,82,clematis
1655,val,82,clematis
1661,val,82,clematis
1664,val,82,clematis
1672,val,82,clematis
1691,val,82,clematis
1713,val,83,hibiscus
1716,val,83,hibiscus
1718,val,83,hibiscus
1738,val,83,hibiscus
1742,val,83,hibiscus
1746,val,83,hibiscus
1759,val,83,hibiscus
1782,val,83,hibiscus
1786,val,83,hibiscus
1791,val,83,hibiscus
1792,val,83,hibiscus
1802,val,83,hibiscus
1822,val,83,hibiscus
2554,val,84,columbine
2563,val,84,columbine
2589,val,84,columbine
2604,val,84,columbine
2615,val,84,columbine
2619,val,84,columbine
2623,val,84,columbine
2626,val,84,columbine
2629,val,84,columbine
4772,val,85,desert-rose
4784,val,85,desert-rose
4791,val,85,desert-rose
4793,val,85,desert-rose
4811,val,85,desert-rose
7301,val,85,desert-rose
2864,val,86,tree mallow
2866,val,86,tree mallow
2896,val,86,tree mallow
2902,val,86,tree mallow
2909,val,86,tree mallow
2914,val,86,tree mallow
5480,val,87,magnolia
5481,val,87,magnolia
5488,val,87,magnolia
5489,val,87,magnolia
5496,val,87,magnolia
5515,val,87,magnolia
5522,val,87,magnolia
458,val,88,cyclamen
466,val,88,cyclamen
474,val,88,cyclamen
479,val,88,cyclamen
484,val,88,cyclamen
501,val,88,cyclamen
503,val,88,cyclamen
513,val,88,cyclamen
524,val,88,cyclamen
550,val,88,cyclamen
552,val,88,cyclamen
558,val,88,cyclamen
559,val,88,cyclamen
592,val,88,cyclamen
8083,val,88,cyclamen
607,val,89,watercress
628,val,89,watercress
658,val,89,watercress
668,val,89,watercress
675,val,89,watercress
676,val,89,watercress
679,val,89,watercress
687,val,89,watercress
694,val,89,watercress
700,val,89,watercress
712,val,89,watercress
716,val,89,watercress
723,val,89,watercress
732,val,89,watercress
746,val,89,watercress
748,val,89,watercress
751,val,89,watercress
771,val,89,watercress
4402,val,90,canna lily
4416,val,90,canna lily
4434,val,90,canna lily
4455,val,90,canna lily
4459,val,90,canna lily
4473,val,90,canna lily
4477,val,90,canna lily
4479,val,90,canna lily
4830,val,91,hippeastrum
4839,val,91,hippeastrum
4840,val,91,hippeastrum
4841,val,91,hippeastrum
4870,val,91,hippeastrum
4879,val,91,hippeastrum
8054,val,91,hippeastrum
8055,val,91,hippeastrum
3060,val,92,bee balm
3080,val,92,bee balm
3085,val,92,bee balm
3087,val,92,bee balm
3093,val,92,bee balm
3094,val,92,bee balm
6022,val,93,ball moss
6023,val,93,ball moss
6036,val,93,ball moss
6038,val,93,ball moss
7303,val,93,ball moss
7315,val,94,foxglove
7331,val,94,foxglove
7336,val,94,foxglove
7347,val,94,foxglove
7359,val,94,foxglove
7361,val,94,foxglove
7371,val,94,foxglove
7388,val,94,foxglove
7393,val,94,foxglove
7402,val,94,foxglove
7406,val,94,foxglove
7407,val,94,foxglove
7412,val,94,foxglove
7426,val,94,foxglove
7443,val,94,foxglove
7456,val,94,foxglove
7465,val,94,foxglove
7473,val,95,bougainvillea
7475,val,95,bougainvillea
7486,val,95,bougainvillea
7499,val,95,bougainvillea
7507,val,95,bougainvillea
7516,val,95,bougainvillea
7520,val,95,bougainvillea
7530,val,95,bougainvillea
7543,val,95,bougainvillea
7556,val,95,bougainvillea
7567,val,95,bougainvillea
7586,val,95,bougainvillea
7588,val,95,bougainvillea
7594,val,96,camellia
7605,val,96,camellia
7610,val,96,camellia
7616,val,96,camellia
7617,val,96,camellia
7635,val,96,camellia
7662,val,96,camellia
7668,val,96,camellia
7681,val,96,camellia
7701,val,97,mallow
7718,val,97,mallow
7725,val,97,mallow
7734,val,97,mallow
7739,val,97,mallow
7743,val,97,mallow
7746,val,97,mallow
7756,val,98,mexican petunia
7767,val,98,mexican petunia
7772,val,98,mexican petunia
7793,val,98,mexican petunia
7796,val,98,mexican petunia
7802,val,98,mexican petunia
7805,val,98,mexican petunia
7810,val,98,mexican petunia
7837,val,99,bromelia
7847,val,99,bromelia
7862,val,99,bromelia
7870,val,99,bromelia
7883,val,99,bromelia
7886,val,99,bromelia
7894,val,100,blanket flower
7925,val,100,blanket flower
7931,val,100,blanket flower
7939,val,100,blanket flower
7941,val,100,blanket flower
7946,val,101,trumpet creeper
7949,val,101,trumpet creeper
7962,val,101,trumpet creeper
7985,val,101,trumpet creeper
7995,val,101,trumpet creeper
7998,val,101,trumpet creeper
8013,val,102,blackberry lily
8025,val,102,blackberry lily
8026,val,102,blackberry lily
8032,val,102,blackberry lily
8037,val,102,blackberry lily
